run_id,dataset_id,interface_id,interface_name,symbol,exchange,symbol_plain,symbol_em,market_lower,request_parameters,started_at,finished_at,fetched_at,as_of_date,start_year,akshare_version,python_version,status,row_count,column_count,columns,dtypes,schema_hash,detected_report_date_columns,detected_announcement_date_columns,min_report_date,max_report_date,min_announcement_date,max_announcement_date,raw_path,error_type,error_message,root_exception_class,target_host,attempt_count,quality_status,warning_count,error_count,elapsed_seconds
62bbe9df-6ed8-48d5-a06b-10fb90171ee0,stock_financial_abstract:002067,financial_abstract,stock_financial_abstract,002067,SZ,002067,SZ002067,sz,"{""symbol"":""002067""}",2026-07-29T14:51:37.429315+08:00,2026-07-29T14:51:38.004098+08:00,2026-07-29T14:51:38.004098+08:00,2026-07-27,2021,1.18.80,3.11.4,success,80,87,"[""选项"", ""指标"", ""20260331"", ""20251231"", ""20250930"", ""20250630"", ""20250331"", ""20241231"", ""20240930"", ""20240630"", ""20240331"", ""20231231"", ""20230930"", ""20230630"", ""20230331"", ""20221231"", ""20220930"", ""20220630"", ""20220331"", ""20211231"", ""20210930"", ""20210630"", ""20210331"", ""20201231"", ""20200930"", ""20200630"", ""20200331"", ""20191231"", ""20190930"", ""20190630"", ""20190331"", ""20181231"", ""20180930"", ""20180630"", ""20180331"", ""20171231"", ""20170930"", ""20170630"", ""20170331"", ""20161231"", ""20160930"", ""20160630"", ""20160331"", ""20151231"", ""20150930"", ""20150630"", ""20150331"", ""20141231"", ""20140930"", ""20140630"", ""20140331"", ""20131231"", ""20130930"", ""20130630"", ""20130331"", ""20121231"", ""20120930"", ""20120630"", ""20120331"", ""20111231"", ""20110930"", ""20110630"", ""20110331"", ""20101231"", ""20100930"", ""20100630"", ""20100331"", ""20091231"", ""20090930"", ""20090630"", ""20090331"", ""20081231"", ""20080930"", ""20080630"", ""20080331"", ""20071231"", ""20070930"", ""20070630"", ""20070331"", ""20061231"", ""20060930"", ""20060630"", ""20060331"", ""20051231"", ""20050930"", ""20041231"", ""20031231""]","[""str"", ""str"", ""float64"", ""float64"", ""float64"", ""float64"", ""float64"", ""float64"", ""float64"", ""float64"", ""float64"", ""float64"", ""float64"", ""float64"", ""float64"", ""float64"", ""float64"", ""float64"", ""float64"", ""float64"", ""float64"", ""float64"", ""float64"", ""float64"", ""float64"", ""float64"", ""float64"", ""float64"", ""float64"", ""float64"", ""float64"", ""float64"", ""float64"", ""float64"", ""float64"", ""float64"", ""float64"", ""float64"", ""float64"", ""float64"", ""float64"", ""float64"", ""float64"", ""float64"", ""float64"", ""float64"", ""float64"", ""float64"", ""float64"", ""float64"", ""float64"", ""float64"", ""float64"", ""float64"", ""float64"", ""float64"", ""float64"", ""float64"", ""float64"", ""float64"", ""float64"", ""float64"", ""float64"", ""float64"", ""float64"", ""float64"", ""float64"", ""float64"", ""float64"", ""float64"", ""float64"", ""float64"", ""float64"", ""float64"", ""float64"", ""float64"", ""float64"", ""float64"", ""float64"", ""float64"", ""float64"", ""float64"", ""float64"", ""float64"", ""float64"", ""float64"", ""float64""]",5307296cf1e565a0588c76e7e6c1b509f342802a10b22d784e08100c33531909,[],[],,,,,data/raw/stock_financial_abstract/run_id=62bbe9df-6ed8-48d5-a06b-10fb90171ee0/symbol=002067/data.parquet,,,,,1,WARN,1,0,0.574783
62bbe9df-6ed8-48d5-a06b-10fb90171ee0,stock_financial_analysis_indicator:002067,financial_indicator,stock_financial_analysis_indicator,002067,SZ,002067,SZ002067,sz,"{""start_year"":""2021"",""symbol"":""002067""}",2026-07-29T14:51:38.341607+08:00,2026-07-29T14:51:38.980172+08:00,2026-07-29T14:51:38.980172+08:00,2026-07-27,2021,1.18.80,3.11.4,success,21,86,"[""日期"", ""摊薄每股收益(元)"", ""加权每股收益(元)"", ""每股收益_调整后(元)"", ""扣除非经常性损益后的每股收益(元)"", ""每股净资产_调整前(元)"", ""每股净资产_调整后(元)"", ""每股经营性现金流(元)"", ""每股资本公积金(元)"", ""每股未分配利润(元)"", ""调整后的每股净资产(元)"", ""总资产利润率(%)"", ""主营业务利润率(%)"", ""总资产净利润率(%)"", ""成本费用利润率(%)"", ""营业利润率(%)"", ""主营业务成本率(%)"", ""销售净利率(%)"", ""股本报酬率(%)"", ""净资产报酬率(%)"", ""资产报酬率(%)"", ""销售毛利率(%)"", ""三项费用比重"", ""非主营比重"", ""主营利润比重"", ""股息发放率(%)"", ""投资收益率(%)"", ""主营业务利润(元)"", ""净资产收益率(%)"", ""加权净资产收益率(%)"", ""扣除非经常性损益后的净利润(元)"", ""主营业务收入增长率(%)"", ""净利润增长率(%)"", ""净资产增长率(%)"", ""总资产增长率(%)"", ""应收账款周转率(次)"", ""应收账款周转天数(天)"", ""存货周转天数(天)"", ""存货周转率(次)"", ""固定资产周转率(次)"", ""总资产周转率(次)"", ""总资产周转天数(天)"", ""流动资产周转率(次)"", ""流动资产周转天数(天)"", ""股东权益周转率(次)"", ""流动比率"", ""速动比率"", ""现金比率(%)"", ""利息支付倍数"", ""长期债务与营运资金比率(%)"", ""股东权益比率(%)"", ""长期负债比率(%)"", ""股东权益与固定资产比率(%)"", ""负债与所有者权益比率(%)"", ""长期资产与长期资金比率(%)"", ""资本化比率(%)"", ""固定资产净值率(%)"", ""资本固定化比率(%)"", ""产权比率(%)"", ""清算价值比率(%)"", ""固定资产比重(%)"", ""资产负债率(%)"", ""总资产(元)"", ""经营现金净流量对销售收入比率(%)"", ""资产的经营现金流量回报率(%)"", ""经营现金净流量与净利润的比率(%)"", ""经营现金净流量对负债比率(%)"", ""现金流量比率(%)"", ""短期股票投资(元)"", ""短期债券投资(元)"", ""短期其它经营性投资(元)"", ""长期股票投资(元)"", ""长期债券投资(元)"", ""长期其它经营性投资(元)"", ""1年以内应收帐款(元)"", ""1-2年以内应收帐款(元)"", ""2-3年以内应收帐款(元)"", ""3年以内应收帐款(元)"", ""1年以内预付货款(元)"", ""1-2年以内预付货款(元)"", ""2-3年以内预付货款(元)"", ""3年以内预付货款(元)"", ""1年以内其它应收款(元)"", ""1-2年以内其它应收款(元)"", ""2-3年以内其它应收款(元)"", ""3年以内其它应收款(元)""]","[""object"", ""float64"", ""float64"", ""float64"", ""float64"", ""float64"", ""float64"", ""float64"", ""float64"", ""float64"", ""float64"", ""float64"", ""float64"", ""float64"", ""float64"", ""float64"", ""float64"", ""float64"", ""float64"", ""float64"", ""float64"", ""float64"", ""float64"", ""float64"", ""float64"", ""float64"", ""float64"", ""float64"", ""float64"", ""float64"", ""float64"", ""float64"", ""float64"", ""float64"", ""float64"", ""float64"", ""float64"", ""float64"", ""float64"", ""float64"", ""float64"", ""float64"", ""float64"", ""float64"", ""float64"", ""float64"", ""float64"", ""float64"", ""float64"", ""float64"", ""float64"", ""float64"", ""float64"", ""float64"", ""float64"", ""float64"", ""float64"", ""float64"", ""float64"", ""float64"", ""float64"", ""float64"", ""float64"", ""float64"", ""float64"", ""float64"", ""float64"", ""float64"", ""float64"", ""float64"", ""float64"", ""float64"", ""float64"", ""float64"", ""float64"", ""float64"", ""float64"", ""float64"", ""float64"", ""float64"", ""float64"", ""float64"", ""float64"", ""float64"", ""float64"", ""float64""]",960d644eb3ae60fb578de75382c7bfdd61a6d74c0310d0579ba4f8fcfc90dc1c,[],[],,,,,data/raw/stock_financial_analysis_indicator/run_id=62bbe9df-6ed8-48d5-a06b-10fb90171ee0/symbol=002067/data.parquet,,,,,1,WARN,1,0,0.638565
62bbe9df-6ed8-48d5-a06b-10fb90171ee0,stock_balance_sheet_by_report_em:002067,balance_sheet_report,stock_balance_sheet_by_report_em,002067,SZ,002067,SZ002067,sz,"{""symbol"":""SZ002067""}",2026-07-29T14:51:39.293688+08:00,2026-07-29T14:51:41.397055+08:00,2026-07-29T14:51:41.397055+08:00,2026-07-27,2021,1.18.80,3.11.4,failed,0,0,[],[],,[],[],,,,,,invalid_parameter,[Errno 22] Invalid argument,OSError,,1,ERROR,0,1,2.103367
62bbe9df-6ed8-48d5-a06b-10fb90171ee0,stock_profit_sheet_by_report_em:002067,profit_sheet_report,stock_profit_sheet_by_report_em,002067,SZ,002067,SZ002067,sz,"{""symbol"":""SZ002067""}",2026-07-29T14:51:41.697982+08:00,2026-07-29T14:51:41.981521+08:00,2026-07-29T14:51:41.981521+08:00,2026-07-27,2021,1.18.80,3.11.4,failed,0,0,[],[],,[],[],,,,,,invalid_parameter,[Errno 22] Invalid argument,OSError,,1,ERROR,0,1,0.283539
62bbe9df-6ed8-48d5-a06b-10fb90171ee0,stock_cash_flow_sheet_by_report_em:002067,cashflow_sheet_report,stock_cash_flow_sheet_by_report_em,002067,SZ,002067,SZ002067,sz,"{""symbol"":""SZ002067""}",2026-07-29T14:51:42.282394+08:00,2026-07-29T14:51:42.601672+08:00,2026-07-29T14:51:42.601672+08:00,2026-07-27,2021,1.18.80,3.11.4,failed,0,0,[],[],,[],[],,,,,,invalid_parameter,[Errno 22] Invalid argument,OSError,,1,ERROR,0,1,0.319278
62bbe9df-6ed8-48d5-a06b-10fb90171ee0,stock_individual_fund_flow:002067,individual_fund_flow,stock_individual_fund_flow,002067,SZ,002067,SZ002067,sz,"{""market"":""sz"",""stock"":""002067""}",2026-07-29T14:51:42.902437+08:00,2026-07-29T14:51:43.052922+08:00,2026-07-29T14:51:43.052922+08:00,2026-07-27,2021,1.18.80,3.11.4,success,120,13,"[""日期"", ""收盘价"", ""涨跌幅"", ""主力净流入-净额"", ""主力净流入-净占比"", ""超大单净流入-净额"", ""超大单净流入-净占比"", ""大单净流入-净额"", ""大单净流入-净占比"", ""中单净流入-净额"", ""中单净流入-净占比"", ""小单净流入-净额"", ""小单净流入-净占比""]","[""object"", ""float64"", ""float64"", ""float64"", ""float64"", ""float64"", ""float64"", ""float64"", ""float64"", ""float64"", ""float64"", ""float64"", ""float64""]",39d19586f5d6277813b28052087763de97377a167acdb5bcedfce9c2de3c7627,[],[],,,,,data/raw/stock_individual_fund_flow/run_id=62bbe9df-6ed8-48d5-a06b-10fb90171ee0/symbol=002067/data.parquet,,,,,1,PASS,0,0,0.150485
62bbe9df-6ed8-48d5-a06b-10fb90171ee0,stock_financial_abstract:002600,financial_abstract,stock_financial_abstract,002600,SZ,002600,SZ002600,sz,"{""symbol"":""002600""}",2026-07-29T14:51:43.360457+08:00,2026-07-29T14:51:43.779649+08:00,2026-07-29T14:51:43.779649+08:00,2026-07-27,2021,1.18.80,3.11.4,success,80,69,"[""选项"", ""指标"", ""20260331"", ""20251231"", ""20250930"", ""20250630"", ""20250331"", ""20241231"", ""20240930"", ""20240630"", ""20240331"", ""20231231"", ""20230930"", ""20230630"", ""20230331"", ""20221231"", ""20220930"", ""20220630"", ""20220331"", ""20211231"", ""20210930"", ""20210630"", ""20210331"", ""20201231"", ""20200930"", ""20200630"", ""20200331"", ""20191231"", ""20190930"", ""20190630"", ""20190331"", ""20181231"", ""20180930"", ""20180630"", ""20180331"", ""20171231"", ""20170930"", ""20170630"", ""20170331"", ""20161231"", ""20160930"", ""20160630"", ""20160331"", ""20151231"", ""20150930"", ""20150630"", ""20150331"", ""20141231"", ""20140930"", ""20140630"", ""20140331"", ""20131231"", ""20130930"", ""20130630"", ""20130331"", ""20121231"", ""20120930"", ""20120630"", ""20120331"", ""20111231"", ""20110930"", ""20110630"", ""20110331"", ""20101231"", ""20100930"", ""20100630"", ""20100331"", ""20091231"", ""20081231""]","[""str"", ""str"", ""float64"", ""float64"", ""float64"", ""float64"", ""float64"", ""float64"", ""float64"", ""float64"", ""float64"", ""float64"", ""float64"", ""float64"", ""float64"", ""float64"", ""float64"", ""float64"", ""float64"", ""float64"", ""float64"", ""float64"", ""float64"", ""float64"", ""float64"", ""float64"", ""float64"", ""float64"", ""float64"", ""float64"", ""float64"", ""float64"", ""float64"", ""float64"", ""float64"", ""float64"", ""float64"", ""float64"", ""float64"", ""float64"", ""float64"", ""float64"", ""float64"", ""float64"", ""float64"", ""float64"", ""float64"", ""float64"", ""float64"", ""float64"", ""float64"", ""float64"", ""float64"", ""float64"", ""float64"", ""float64"", ""float64"", ""float64"", ""float64"", ""float64"", ""float64"", ""float64"", ""float64"", ""float64"", ""float64"", ""float64"", ""float64"", ""float64"", ""float64""]",bdce90f2878bc07511d0add65d39934c984027db77f25237497e73204cbb78fc,[],[],,,,,data/raw/stock_financial_abstract/run_id=62bbe9df-6ed8-48d5-a06b-10fb90171ee0/symbol=002600/data.parquet,,,,,1,WARN,1,0,0.419192
62bbe9df-6ed8-48d5-a06b-10fb90171ee0,stock_financial_analysis_indicator:002600,financial_indicator,stock_financial_analysis_indicator,002600,SZ,002600,SZ002600,sz,"{""start_year"":""2021"",""symbol"":""002600""}",2026-07-29T14:51:44.100648+08:00,2026-07-29T14:51:44.230051+08:00,2026-07-29T14:51:44.230051+08:00,2026-07-27,2021,1.18.80,3.11.4,failed,0,0,[],[],,[],[],,,,,,invalid_parameter,[Errno 22] Invalid argument,OSError,,1,ERROR,0,1,0.129403
62bbe9df-6ed8-48d5-a06b-10fb90171ee0,stock_balance_sheet_by_report_em:002600,balance_sheet_report,stock_balance_sheet_by_report_em,002600,SZ,002600,SZ002600,sz,"{""symbol"":""SZ002600""}",2026-07-29T14:51:44.531070+08:00,2026-07-29T14:51:45.379253+08:00,2026-07-29T14:51:45.379253+08:00,2026-07-27,2021,1.18.80,3.11.4,failed,0,0,[],[],,[],[],,,,,,invalid_parameter,[Errno 22] Invalid argument,OSError,,1,ERROR,0,1,0.848183
62bbe9df-6ed8-48d5-a06b-10fb90171ee0,stock_profit_sheet_by_report_em:002600,profit_sheet_report,stock_profit_sheet_by_report_em,002600,SZ,002600,SZ002600,sz,"{""symbol"":""SZ002600""}",2026-07-29T14:51:45.680007+08:00,2026-07-29T14:51:45.939031+08:00,2026-07-29T14:51:45.939031+08:00,2026-07-27,2021,1.18.80,3.11.4,failed,0,0,[],[],,[],[],,,,,,invalid_parameter,[Errno 22] Invalid argument,OSError,,1,ERROR,0,1,0.259024
62bbe9df-6ed8-48d5-a06b-10fb90171ee0,stock_cash_flow_sheet_by_report_em:002600,cashflow_sheet_report,stock_cash_flow_sheet_by_report_em,002600,SZ,002600,SZ002600,sz,"{""symbol"":""SZ002600""}",2026-07-29T14:51:46.239658+08:00,2026-07-29T14:51:46.490423+08:00,2026-07-29T14:51:46.490423+08:00,2026-07-27,2021,1.18.80,3.11.4,failed,0,0,[],[],,[],[],,,,,,invalid_parameter,[Errno 22] Invalid argument,OSError,,1,ERROR,0,1,0.250765
62bbe9df-6ed8-48d5-a06b-10fb90171ee0,stock_individual_fund_flow:002600,individual_fund_flow,stock_individual_fund_flow,002600,SZ,002600,SZ002600,sz,"{""market"":""sz"",""stock"":""002600""}",2026-07-29T14:51:46.790993+08:00,2026-07-29T14:51:46.937436+08:00,2026-07-29T14:51:46.937436+08:00,2026-07-27,2021,1.18.80,3.11.4,success,120,13,"[""日期"", ""收盘价"", ""涨跌幅"", ""主力净流入-净额"", ""主力净流入-净占比"", ""超大单净流入-净额"", ""超大单净流入-净占比"", ""大单净流入-净额"", ""大单净流入-净占比"", ""中单净流入-净额"", ""中单净流入-净占比"", ""小单净流入-净额"", ""小单净流入-净占比""]","[""object"", ""float64"", ""float64"", ""float64"", ""float64"", ""float64"", ""float64"", ""float64"", ""float64"", ""float64"", ""float64"", ""float64"", ""float64""]",39d19586f5d6277813b28052087763de97377a167acdb5bcedfce9c2de3c7627,[],[],,,,,data/raw/stock_individual_fund_flow/run_id=62bbe9df-6ed8-48d5-a06b-10fb90171ee0/symbol=002600/data.parquet,,,,,1,PASS,0,0,0.146443
62bbe9df-6ed8-48d5-a06b-10fb90171ee0,stock_financial_abstract:002230,financial_abstract,stock_financial_abstract,002230,SZ,002230,SZ002230,sz,"{""symbol"":""002230""}",2026-07-29T14:51:47.250706+08:00,2026-07-29T14:51:47.888616+08:00,2026-07-29T14:51:47.888616+08:00,2026-07-27,2021,1.18.80,3.11.4,success,80,81,"[""选项"", ""指标"", ""20260331"", ""20251231"", ""20250930"", ""20250630"", ""20250331"", ""20241231"", ""20240930"", ""20240630"", ""20240331"", ""20231231"", ""20230930"", ""20230630"", ""20230331"", ""20221231"", ""20220930"", ""20220630"", ""20220331"", ""20211231"", ""20210930"", ""20210630"", ""20210331"", ""20201231"", ""20200930"", ""20200630"", ""20200331"", ""20191231"", ""20190930"", ""20190630"", ""20190331"", ""20181231"", ""20180930"", ""20180630"", ""20180331"", ""20171231"", ""20170930"", ""20170630"", ""20170331"", ""20161231"", ""20160930"", ""20160630"", ""20160331"", ""20151231"", ""20150930"", ""20150630"", ""20150331"", ""20141231"", ""20140930"", ""20140630"", ""20140331"", ""20131231"", ""20130930"", ""20130630"", ""20130331"", ""20121231"", ""20120930"", ""20120630"", ""20120331"", ""20111231"", ""20110930"", ""20110630"", ""20110331"", ""20101231"", ""20100930"", ""20100630"", ""20100331"", ""20091231"", ""20090930"", ""20090630"", ""20090331"", ""20081231"", ""20080930"", ""20080630"", ""20080331"", ""20071231"", ""20070930"", ""20070630"", ""20070331"", ""20061231"", ""20051231""]","[""str"", ""str"", ""float64"", ""float64"", ""float64"", ""float64"", ""float64"", ""float64"", ""float64"", ""float64"", ""float64"", ""float64"", ""float64"", ""float64"", ""float64"", ""float64"", ""float64"", ""float64"", ""float64"", ""float64"", ""float64"", ""float64"", ""float64"", ""float64"", ""float64"", ""float64"", ""float64"", ""float64"", ""float64"", ""float64"", ""float64"", ""float64"", ""float64"", ""float64"", ""float64"", ""float64"", ""float64"", ""float64"", ""float64"", ""float64"", ""float64"", ""float64"", ""float64"", ""float64"", ""float64"", ""float64"", ""float64"", ""float64"", ""float64"", ""float64"", ""float64"", ""float64"", ""float64"", ""float64"", ""float64"", ""float64"", ""float64"", ""float64"", ""float64"", ""float64"", ""float64"", ""float64"", ""float64"", ""float64"", ""float64"", ""float64"", ""float64"", ""float64"", ""float64"", ""float64"", ""float64"", ""float64"", ""float64"", ""float64"", ""float64"", ""float64"", ""float64"", ""float64"", ""float64"", ""float64"", ""float64""]",747891f674e9f95aadc4a4f6fd4dacaffbac7d085010d0323ed1ef469437bee1,[],[],,,,,data/raw/stock_financial_abstract/run_id=62bbe9df-6ed8-48d5-a06b-10fb90171ee0/symbol=002230/data.parquet,,,,,1,WARN,1,0,0.63791
62bbe9df-6ed8-48d5-a06b-10fb90171ee0,stock_financial_analysis_indicator:002230,financial_indicator,stock_financial_analysis_indicator,002230,SZ,002230,SZ002230,sz,"{""start_year"":""2021"",""symbol"":""002230""}",2026-07-29T14:51:48.215697+08:00,2026-07-29T14:51:48.401115+08:00,2026-07-29T14:51:48.401115+08:00,2026-07-27,2021,1.18.80,3.11.4,failed,0,0,[],[],,[],[],,,,,,invalid_parameter,[Errno 22] Invalid argument,OSError,,1,ERROR,0,1,0.185418
62bbe9df-6ed8-48d5-a06b-10fb90171ee0,stock_balance_sheet_by_report_em:002230,balance_sheet_report,stock_balance_sheet_by_report_em,002230,SZ,002230,SZ002230,sz,"{""symbol"":""SZ002230""}",2026-07-29T14:51:48.702127+08:00,2026-07-29T14:51:49.402857+08:00,2026-07-29T14:51:49.402857+08:00,2026-07-27,2021,1.18.80,3.11.4,failed,0,0,[],[],,[],[],,,,,,invalid_parameter,[Errno 22] Invalid argument,OSError,,1,ERROR,0,1,0.70073
62bbe9df-6ed8-48d5-a06b-10fb90171ee0,stock_profit_sheet_by_report_em:002230,profit_sheet_report,stock_profit_sheet_by_report_em,002230,SZ,002230,SZ002230,sz,"{""symbol"":""SZ002230""}",2026-07-29T14:51:49.703202+08:00,2026-07-29T14:51:50.003233+08:00,2026-07-29T14:51:50.003233+08:00,2026-07-27,2021,1.18.80,3.11.4,failed,0,0,[],[],,[],[],,,,,,invalid_parameter,[Errno 22] Invalid argument,OSError,,1,ERROR,0,1,0.300031
62bbe9df-6ed8-48d5-a06b-10fb90171ee0,stock_cash_flow_sheet_by_report_em:002230,cashflow_sheet_report,stock_cash_flow_sheet_by_report_em,002230,SZ,002230,SZ002230,sz,"{""symbol"":""SZ002230""}",2026-07-29T14:51:50.303666+08:00,2026-07-29T14:51:50.526331+08:00,2026-07-29T14:51:50.526331+08:00,2026-07-27,2021,1.18.80,3.11.4,failed,0,0,[],[],,[],[],,,,,,invalid_parameter,[Errno 22] Invalid argument,OSError,,1,ERROR,0,1,0.222665
62bbe9df-6ed8-48d5-a06b-10fb90171ee0,stock_individual_fund_flow:002230,individual_fund_flow,stock_individual_fund_flow,002230,SZ,002230,SZ002230,sz,"{""market"":""sz"",""stock"":""002230""}",2026-07-29T14:51:50.827209+08:00,2026-07-29T14:51:50.952840+08:00,2026-07-29T14:51:50.952840+08:00,2026-07-27,2021,1.18.80,3.11.4,success,120,13,"[""日期"", ""收盘价"", ""涨跌幅"", ""主力净流入-净额"", ""主力净流入-净占比"", ""超大单净流入-净额"", ""超大单净流入-净占比"", ""大单净流入-净额"", ""大单净流入-净占比"", ""中单净流入-净额"", ""中单净流入-净占比"", ""小单净流入-净额"", ""小单净流入-净占比""]","[""object"", ""float64"", ""float64"", ""float64"", ""float64"", ""float64"", ""float64"", ""float64"", ""float64"", ""float64"", ""float64"", ""float64"", ""float64""]",39d19586f5d6277813b28052087763de97377a167acdb5bcedfce9c2de3c7627,[],[],,,,,data/raw/stock_individual_fund_flow/run_id=62bbe9df-6ed8-48d5-a06b-10fb90171ee0/symbol=002230/data.parquet,,,,,1,PASS,0,0,0.125631
62bbe9df-6ed8-48d5-a06b-10fb90171ee0,stock_financial_abstract:600763,financial_abstract,stock_financial_abstract,600763,SH,600763,SH600763,sh,"{""symbol"":""600763""}",2026-07-29T14:51:51.269171+08:00,2026-07-29T14:51:52.187992+08:00,2026-07-29T14:51:52.187992+08:00,2026-07-27,2021,1.18.80,3.11.4,success,80,114,"[""选项"", ""指标"", ""20260331"", ""20251231"", ""20250930"", ""20250630"", ""20250331"", ""20241231"", ""20240930"", ""20240630"", ""20240331"", ""20231231"", ""20230930"", ""20230630"", ""20230331"", ""20221231"", ""20220930"", ""20220630"", ""20220331"", ""20211231"", ""20210930"", ""20210630"", ""20210331"", ""20201231"", ""20200930"", ""20200630"", ""20200331"", ""20191231"", ""20190930"", ""20190630"", ""20190331"", ""20181231"", ""20180930"", ""20180630"", ""20180331"", ""20171231"", ""20170930"", ""20170630"", ""20170331"", ""20161231"", ""20160930"", ""20160630"", ""20160331"", ""20151231"", ""20150930"", ""20150630"", ""20150331"", ""20141231"", ""20140930"", ""20140630"", ""20140331"", ""20131231"", ""20130930"", ""20130630"", ""20130331"", ""20121231"", ""20120930"", ""20120630"", ""20120331"", ""20111231"", ""20110930"", ""20110630"", ""20110331"", ""20101231"", ""20100930"", ""20100630"", ""20100331"", ""20091231"", ""20090930"", ""20090630"", ""20090331"", ""20081231"", ""20080930"", ""20080630"", ""20080331"", ""20071231"", ""20070930"", ""20070630"", ""20070331"", ""20061231"", ""20060930"", ""20060630"", ""20060331"", ""20051231"", ""20050930"", ""20050630"", ""20050331"", ""20041231"", ""20040930"", ""20040630"", ""20040331"", ""20031231"", ""20030930"", ""20030630"", ""20030331"", ""20021231"", ""20020930"", ""20020630"", ""20020331"", ""20011231"", ""20010930"", ""20010630"", ""20001231"", ""20000630"", ""19991231"", ""19990630"", ""19981231"", ""19980630"", ""19971231"", ""19970630"", ""19961231"", ""19951231"", ""19941231"", ""19931231""]","[""str"", ""str"", ""float64"", ""float64"", ""float64"", ""float64"", ""float64"", ""float64"", ""float64"", ""float64"", ""float64"", ""float64"", ""float64"", ""float64"", ""float64"", ""float64"", ""float64"", ""float64"", ""float64"", ""float64"", ""float64"", ""float64"", ""float64"", ""float64"", ""float64"", ""float64"", ""float64"", ""float64"", ""float64"", ""float64"", ""float64"", ""float64"", ""float64"", ""float64"", ""float64"", ""float64"", ""float64"", ""float64"", ""float64"", ""float64"", ""float64"", ""float64"", ""float64"", ""float64"", ""float64"", ""float64"", ""float64"", ""float64"", ""float64"", ""float64"", ""float64"", ""float64"", ""float64"", ""float64"", ""float64"", ""float64"", ""float64"", ""float64"", ""float64"", ""float64"", ""float64"", ""float64"", ""float64"", ""float64"", ""float64"", ""float64"", ""float64"", ""float64"", ""float64"", ""float64"", ""float64"", ""float64"", ""float64"", ""float64"", ""float64"", ""float64"", ""float64"", ""float64"", ""float64"", ""float64"", ""float64"", ""float64"", ""float64"", ""float64"", ""float64"", ""float64"", ""float64"", ""float64"", ""float64"", ""float64"", ""float64"", ""float64"", ""float64"", ""float64"", ""float64"", ""float64"", ""float64"", ""float64"", ""float64"", ""float64"", ""float64"", ""float64"", ""float64"", ""float64"", ""float64"", ""float64"", ""float64"", ""float64"", ""float64"", ""float64"", ""float64"", ""float64"", ""float64"", ""float64""]",c9b9ab753de36ca020155c02b5958a9135ef408bd8551fe229fb70ff13edf166,[],[],,,,,data/raw/stock_financial_abstract/run_id=62bbe9df-6ed8-48d5-a06b-10fb90171ee0/symbol=600763/data.parquet,,,,,1,WARN,1,0,0.918821
62bbe9df-6ed8-48d5-a06b-10fb90171ee0,stock_financial_analysis_indicator:600763,financial_indicator,stock_financial_analysis_indicator,600763,SH,600763,SH600763,sh,"{""start_year"":""2021"",""symbol"":""600763""}",2026-07-29T14:51:52.517672+08:00,2026-07-29T14:51:52.706257+08:00,2026-07-29T14:51:52.706257+08:00,2026-07-27,2021,1.18.80,3.11.4,failed,0,0,[],[],,[],[],,,,,,invalid_parameter,[Errno 22] Invalid argument,OSError,,1,ERROR,0,1,0.188585
62bbe9df-6ed8-48d5-a06b-10fb90171ee0,stock_balance_sheet_by_report_em:600763,balance_sheet_report,stock_balance_sheet_by_report_em,600763,SH,600763,SH600763,sh,"{""symbol"":""SH600763""}",2026-07-29T14:51:53.006909+08:00,2026-07-29T14:51:53.686088+08:00,2026-07-29T14:51:53.686088+08:00,2026-07-27,2021,1.18.80,3.11.4,failed,0,0,[],[],,[],[],,,,,,invalid_parameter,[Errno 22] Invalid argument,OSError,,1,ERROR,0,1,0.679179
62bbe9df-6ed8-48d5-a06b-10fb90171ee0,stock_profit_sheet_by_report_em:600763,profit_sheet_report,stock_profit_sheet_by_report_em,600763,SH,600763,SH600763,sh,"{""symbol"":""SH600763""}",2026-07-29T14:51:53.986264+08:00,2026-07-29T14:51:54.269155+08:00,2026-07-29T14:51:54.269155+08:00,2026-07-27,2021,1.18.80,3.11.4,failed,0,0,[],[],,[],[],,,,,,invalid_parameter,[Errno 22] Invalid argument,OSError,,1,ERROR,0,1,0.282891
62bbe9df-6ed8-48d5-a06b-10fb90171ee0,stock_cash_flow_sheet_by_report_em:600763,cashflow_sheet_report,stock_cash_flow_sheet_by_report_em,600763,SH,600763,SH600763,sh,"{""symbol"":""SH600763""}",2026-07-29T14:51:54.570263+08:00,2026-07-29T14:51:54.852204+08:00,2026-07-29T14:51:54.852204+08:00,2026-07-27,2021,1.18.80,3.11.4,failed,0,0,[],[],,[],[],,,,,,invalid_parameter,[Errno 22] Invalid argument,OSError,,1,ERROR,0,1,0.281941
62bbe9df-6ed8-48d5-a06b-10fb90171ee0,stock_individual_fund_flow:600763,individual_fund_flow,stock_individual_fund_flow,600763,SH,600763,SH600763,sh,"{""market"":""sh"",""stock"":""600763""}",2026-07-29T14:51:55.152852+08:00,2026-07-29T14:51:55.284466+08:00,2026-07-29T14:51:55.284466+08:00,2026-07-27,2021,1.18.80,3.11.4,success,120,13,"[""日期"", ""收盘价"", ""涨跌幅"", ""主力净流入-净额"", ""主力净流入-净占比"", ""超大单净流入-净额"", ""超大单净流入-净占比"", ""大单净流入-净额"", ""大单净流入-净占比"", ""中单净流入-净额"", ""中单净流入-净占比"", ""小单净流入-净额"", ""小单净流入-净占比""]","[""object"", ""float64"", ""float64"", ""float64"", ""float64"", ""float64"", ""float64"", ""float64"", ""float64"", ""float64"", ""float64"", ""float64"", ""float64""]",39d19586f5d6277813b28052087763de97377a167acdb5bcedfce9c2de3c7627,[],[],,,,,data/raw/stock_individual_fund_flow/run_id=62bbe9df-6ed8-48d5-a06b-10fb90171ee0/symbol=600763/data.parquet,,,,,1,PASS,0,0,0.131614
62bbe9df-6ed8-48d5-a06b-10fb90171ee0,stock_financial_abstract:603259,financial_abstract,stock_financial_abstract,603259,SH,603259,SH603259,sh,"{""symbol"":""603259""}",2026-07-29T14:51:55.594634+08:00,2026-07-29T14:51:55.922706+08:00,2026-07-29T14:51:55.922706+08:00,2026-07-27,2021,1.18.80,3.11.4,success,80,42,"[""选项"", ""指标"", ""20260331"", ""20251231"", ""20250930"", ""20250630"", ""20250331"", ""20241231"", ""20240930"", ""20240630"", ""20240331"", ""20231231"", ""20230930"", ""20230630"", ""20230331"", ""20221231"", ""20220930"", ""20220630"", ""20220331"", ""20211231"", ""20210930"", ""20210630"", ""20210331"", ""20201231"", ""20200930"", ""20200630"", ""20200331"", ""20191231"", ""20190930"", ""20190630"", ""20190331"", ""20181231"", ""20180930"", ""20180630"", ""20180331"", ""20171231"", ""20170930"", ""20170630"", ""20170331"", ""20161231"", ""20151231"", ""20141231""]","[""str"", ""str"", ""float64"", ""float64"", ""float64"", ""float64"", ""float64"", ""float64"", ""float64"", ""float64"", ""float64"", ""float64"", ""float64"", ""float64"", ""float64"", ""float64"", ""float64"", ""float64"", ""float64"", ""float64"", ""float64"", ""float64"", ""float64"", ""float64"", ""float64"", ""float64"", ""float64"", ""float64"", ""float64"", ""float64"", ""float64"", ""float64"", ""float64"", ""float64"", ""float64"", ""float64"", ""float64"", ""float64"", ""float64"", ""float64"", ""float64"", ""float64""]",3e59e588f86758ace03f5e2b2902dff8e234e10bf38f381dad2121566ee5d032,[],[],,,,,data/raw/stock_financial_abstract/run_id=62bbe9df-6ed8-48d5-a06b-10fb90171ee0/symbol=603259/data.parquet,,,,,1,WARN,1,0,0.328072
62bbe9df-6ed8-48d5-a06b-10fb90171ee0,stock_financial_analysis_indicator:603259,financial_indicator,stock_financial_analysis_indicator,603259,SH,603259,SH603259,sh,"{""start_year"":""2021"",""symbol"":""603259""}",2026-07-29T14:51:56.232725+08:00,2026-07-29T14:51:56.360748+08:00,2026-07-29T14:51:56.360748+08:00,2026-07-27,2021,1.18.80,3.11.4,failed,0,0,[],[],,[],[],,,,,,invalid_parameter,[Errno 22] Invalid argument,OSError,,1,ERROR,0,1,0.128023
62bbe9df-6ed8-48d5-a06b-10fb90171ee0,stock_balance_sheet_by_report_em:603259,balance_sheet_report,stock_balance_sheet_by_report_em,603259,SH,603259,SH603259,sh,"{""symbol"":""SH603259""}",2026-07-29T14:51:56.661506+08:00,2026-07-29T14:51:57.336496+08:00,2026-07-29T14:51:57.336496+08:00,2026-07-27,2021,1.18.80,3.11.4,failed,0,0,[],[],,[],[],,,,,,invalid_parameter,[Errno 22] Invalid argument,OSError,,1,ERROR,0,1,0.67499
62bbe9df-6ed8-48d5-a06b-10fb90171ee0,stock_profit_sheet_by_report_em:603259,profit_sheet_report,stock_profit_sheet_by_report_em,603259,SH,603259,SH603259,sh,"{""symbol"":""SH603259""}",2026-07-29T14:51:57.637271+08:00,2026-07-29T14:51:58.912358+08:00,2026-07-29T14:51:58.912358+08:00,2026-07-27,2021,1.18.80,3.11.4,failed,0,0,[],[],,[],[],,,,,,invalid_parameter,[Errno 22] Invalid argument,OSError,,1,ERROR,0,1,1.275087
62bbe9df-6ed8-48d5-a06b-10fb90171ee0,stock_cash_flow_sheet_by_report_em:603259,cashflow_sheet_report,stock_cash_flow_sheet_by_report_em,603259,SH,603259,SH603259,sh,"{""symbol"":""SH603259""}",2026-07-29T14:51:59.213203+08:00,2026-07-29T14:51:59.521834+08:00,2026-07-29T14:51:59.521834+08:00,2026-07-27,2021,1.18.80,3.11.4,failed,0,0,[],[],,[],[],,,,,,invalid_parameter,[Errno 22] Invalid argument,OSError,,1,ERROR,0,1,0.308631
62bbe9df-6ed8-48d5-a06b-10fb90171ee0,stock_individual_fund_flow:603259,individual_fund_flow,stock_individual_fund_flow,603259,SH,603259,SH603259,sh,"{""market"":""sh"",""stock"":""603259""}",2026-07-29T14:51:59.822695+08:00,2026-07-29T14:51:59.944881+08:00,2026-07-29T14:51:59.944881+08:00,2026-07-27,2021,1.18.80,3.11.4,success,120,13,"[""日期"", ""收盘价"", ""涨跌幅"", ""主力净流入-净额"", ""主力净流入-净占比"", ""超大单净流入-净额"", ""超大单净流入-净占比"", ""大单净流入-净额"", ""大单净流入-净占比"", ""中单净流入-净额"", ""中单净流入-净占比"", ""小单净流入-净额"", ""小单净流入-净占比""]","[""object"", ""float64"", ""float64"", ""float64"", ""float64"", ""float64"", ""float64"", ""float64"", ""float64"", ""float64"", ""float64"", ""float64"", ""float64""]",39d19586f5d6277813b28052087763de97377a167acdb5bcedfce9c2de3c7627,[],[],,,,,data/raw/stock_individual_fund_flow/run_id=62bbe9df-6ed8-48d5-a06b-10fb90171ee0/symbol=603259/data.parquet,,,,,1,PASS,0,0,0.122186
62bbe9df-6ed8-48d5-a06b-10fb90171ee0,stock_financial_abstract:603799,financial_abstract,stock_financial_abstract,603799,SH,603799,SH603799,sh,"{""symbol"":""603799""}",2026-07-29T14:52:00.253553+08:00,2026-07-29T14:52:00.712155+08:00,2026-07-29T14:52:00.712155+08:00,2026-07-27,2021,1.18.80,3.11.4,success,80,65,"[""选项"", ""指标"", ""20260331"", ""20251231"", ""20250930"", ""20250630"", ""20250331"", ""20241231"", ""20240930"", ""20240630"", ""20240331"", ""20231231"", ""20230930"", ""20230630"", ""20230331"", ""20221231"", ""20220930"", ""20220630"", ""20220331"", ""20211231"", ""20210930"", ""20210630"", ""20210331"", ""20201231"", ""20200930"", ""20200630"", ""20200331"", ""20191231"", ""20190930"", ""20190630"", ""20190331"", ""20181231"", ""20180930"", ""20180630"", ""20180331"", ""20171231"", ""20170930"", ""20170630"", ""20170331"", ""20161231"", ""20160930"", ""20160630"", ""20160331"", ""20151231"", ""20150930"", ""20150630"", ""20150331"", ""20141231"", ""20140930"", ""20140630"", ""20140331"", ""20131231"", ""20130930"", ""20130630"", ""20130331"", ""20121231"", ""20120930"", ""20120630"", ""20120331"", ""20111231"", ""20110930"", ""20110630"", ""20101231"", ""20091231"", ""20081231""]","[""str"", ""str"", ""float64"", ""float64"", ""float64"", ""float64"", ""float64"", ""float64"", ""float64"", ""float64"", ""float64"", ""float64"", ""float64"", ""float64"", ""float64"", ""float64"", ""float64"", ""float64"", ""float64"", ""float64"", ""float64"", ""float64"", ""float64"", ""float64"", ""float64"", ""float64"", ""float64"", ""float64"", ""float64"", ""float64"", ""float64"", ""float64"", ""float64"", ""float64"", ""float64"", ""float64"", ""float64"", ""float64"", ""float64"", ""float64"", ""float64"", ""float64"", ""float64"", ""float64"", ""float64"", ""float64"", ""float64"", ""float64"", ""float64"", ""float64"", ""float64"", ""float64"", ""float64"", ""float64"", ""float64"", ""float64"", ""float64"", ""float64"", ""float64"", ""float64"", ""float64"", ""float64"", ""float64"", ""float64"", ""float64""]",e859332441ba98c1dd17b27c0e590f905f6a8219739b259ed39b04145116c979,[],[],,,,,data/raw/stock_financial_abstract/run_id=62bbe9df-6ed8-48d5-a06b-10fb90171ee0/symbol=603799/data.parquet,,,,,1,WARN,1,0,0.458602
62bbe9df-6ed8-48d5-a06b-10fb90171ee0,stock_financial_analysis_indicator:603799,financial_indicator,stock_financial_analysis_indicator,603799,SH,603799,SH603799,sh,"{""start_year"":""2021"",""symbol"":""603799""}",2026-07-29T14:52:01.025414+08:00,2026-07-29T14:52:01.163566+08:00,2026-07-29T14:52:01.163566+08:00,2026-07-27,2021,1.18.80,3.11.4,failed,0,0,[],[],,[],[],,,,,,invalid_parameter,[Errno 22] Invalid argument,OSError,,1,ERROR,0,1,0.138152
62bbe9df-6ed8-48d5-a06b-10fb90171ee0,stock_balance_sheet_by_report_em:603799,balance_sheet_report,stock_balance_sheet_by_report_em,603799,SH,603799,SH603799,sh,"{""symbol"":""SH603799""}",2026-07-29T14:52:01.464525+08:00,2026-07-29T14:52:02.212687+08:00,2026-07-29T14:52:02.212687+08:00,2026-07-27,2021,1.18.80,3.11.4,failed,0,0,[],[],,[],[],,,,,,invalid_parameter,[Errno 22] Invalid argument,OSError,,1,ERROR,0,1,0.748162
62bbe9df-6ed8-48d5-a06b-10fb90171ee0,stock_profit_sheet_by_report_em:603799,profit_sheet_report,stock_profit_sheet_by_report_em,603799,SH,603799,SH603799,sh,"{""symbol"":""SH603799""}",2026-07-29T14:52:02.513305+08:00,2026-07-29T14:52:02.644184+08:00,2026-07-29T14:52:02.644184+08:00,2026-07-27,2021,1.18.80,3.11.4,failed,0,0,[],[],,[],[],,,,,,invalid_parameter,[Errno 22] Invalid argument,OSError,,1,ERROR,0,1,0.130879
62bbe9df-6ed8-48d5-a06b-10fb90171ee0,stock_cash_flow_sheet_by_report_em:603799,cashflow_sheet_report,stock_cash_flow_sheet_by_report_em,603799,SH,603799,SH603799,sh,"{""symbol"":""SH603799""}",2026-07-29T14:52:02.944868+08:00,2026-07-29T14:52:03.238620+08:00,2026-07-29T14:52:03.238620+08:00,2026-07-27,2021,1.18.80,3.11.4,failed,0,0,[],[],,[],[],,,,,,invalid_parameter,[Errno 22] Invalid argument,OSError,,1,ERROR,0,1,0.293752
62bbe9df-6ed8-48d5-a06b-10fb90171ee0,stock_individual_fund_flow:603799,individual_fund_flow,stock_individual_fund_flow,603799,SH,603799,SH603799,sh,"{""market"":""sh"",""stock"":""603799""}",2026-07-29T14:52:03.539433+08:00,2026-07-29T14:52:03.712675+08:00,2026-07-29T14:52:03.712675+08:00,2026-07-27,2021,1.18.80,3.11.4,success,120,13,"[""日期"", ""收盘价"", ""涨跌幅"", ""主力净流入-净额"", ""主力净流入-净占比"", ""超大单净流入-净额"", ""超大单净流入-净占比"", ""大单净流入-净额"", ""大单净流入-净占比"", ""中单净流入-净额"", ""中单净流入-净占比"", ""小单净流入-净额"", ""小单净流入-净占比""]","[""object"", ""float64"", ""float64"", ""float64"", ""float64"", ""float64"", ""float64"", ""float64"", ""float64"", ""float64"", ""float64"", ""float64"", ""float64""]",39d19586f5d6277813b28052087763de97377a167acdb5bcedfce9c2de3c7627,[],[],,,,,data/raw/stock_individual_fund_flow/run_id=62bbe9df-6ed8-48d5-a06b-10fb90171ee0/symbol=603799/data.parquet,,,,,1,PASS,0,0,0.173242
62bbe9df-6ed8-48d5-a06b-10fb90171ee0,stock_financial_abstract:601012,financial_abstract,stock_financial_abstract,601012,SH,601012,SH601012,sh,"{""symbol"":""601012""}",2026-07-29T14:52:04.018186+08:00,2026-07-29T14:52:04.333485+08:00,2026-07-29T14:52:04.333485+08:00,2026-07-27,2021,1.18.80,3.11.4,success,80,70,"[""选项"", ""指标"", ""20260331"", ""20251231"", ""20250930"", ""20250630"", ""20250331"", ""20241231"", ""20240930"", ""20240630"", ""20240331"", ""20231231"", ""20230930"", ""20230630"", ""20230331"", ""20221231"", ""20220930"", ""20220630"", ""20220331"", ""20211231"", ""20210930"", ""20210630"", ""20210331"", ""20201231"", ""20200930"", ""20200630"", ""20200331"", ""20191231"", ""20190930"", ""20190630"", ""20190331"", ""20181231"", ""20180930"", ""20180630"", ""20180331"", ""20171231"", ""20170930"", ""20170630"", ""20170331"", ""20161231"", ""20160930"", ""20160630"", ""20160331"", ""20151231"", ""20150930"", ""20150630"", ""20150331"", ""20141231"", ""20140930"", ""20140630"", ""20140331"", ""20131231"", ""20130930"", ""20130630"", ""20130331"", ""20121231"", ""20120930"", ""20120630"", ""20120331"", ""20111231"", ""20110930"", ""20110630"", ""20110331"", ""20101231"", ""20100930"", ""20100630"", ""20100331"", ""20091231"", ""20081231"", ""20071231""]","[""str"", ""str"", ""float64"", ""float64"", ""float64"", ""float64"", ""float64"", ""float64"", ""float64"", ""float64"", ""float64"", ""float64"", ""float64"", ""float64"", ""float64"", ""float64"", ""float64"", ""float64"", ""float64"", ""float64"", ""float64"", ""float64"", ""float64"", ""float64"", ""float64"", ""float64"", ""float64"", ""float64"", ""float64"", ""float64"", ""float64"", ""float64"", ""float64"", ""float64"", ""float64"", ""float64"", ""float64"", ""float64"", ""float64"", ""float64"", ""float64"", ""float64"", ""float64"", ""float64"", ""float64"", ""float64"", ""float64"", ""float64"", ""float64"", ""float64"", ""float64"", ""float64"", ""float64"", ""float64"", ""float64"", ""float64"", ""float64"", ""float64"", ""float64"", ""float64"", ""float64"", ""float64"", ""float64"", ""float64"", ""float64"", ""float64"", ""float64"", ""float64"", ""float64"", ""float64""]",547c810909f5f377a2c1bda6230ac9cbb25597820abee23419e850016131abbb,[],[],,,,,data/raw/stock_financial_abstract/run_id=62bbe9df-6ed8-48d5-a06b-10fb90171ee0/symbol=601012/data.parquet,,,,,1,WARN,1,0,0.315299
62bbe9df-6ed8-48d5-a06b-10fb90171ee0,stock_financial_analysis_indicator:601012,financial_indicator,stock_financial_analysis_indicator,601012,SH,601012,SH601012,sh,"{""start_year"":""2021"",""symbol"":""601012""}",2026-07-29T14:52:04.656740+08:00,2026-07-29T14:52:04.795681+08:00,2026-07-29T14:52:04.795681+08:00,2026-07-27,2021,1.18.80,3.11.4,failed,0,0,[],[],,[],[],,,,,,invalid_parameter,[Errno 22] Invalid argument,OSError,,1,ERROR,0,1,0.138941
62bbe9df-6ed8-48d5-a06b-10fb90171ee0,stock_balance_sheet_by_report_em:601012,balance_sheet_report,stock_balance_sheet_by_report_em,601012,SH,601012,SH601012,sh,"{""symbol"":""SH601012""}",2026-07-29T14:52:05.096192+08:00,2026-07-29T14:52:05.833278+08:00,2026-07-29T14:52:05.833278+08:00,2026-07-27,2021,1.18.80,3.11.4,failed,0,0,[],[],,[],[],,,,,,invalid_parameter,[Errno 22] Invalid argument,OSError,,1,ERROR,0,1,0.737086
62bbe9df-6ed8-48d5-a06b-10fb90171ee0,stock_profit_sheet_by_report_em:601012,profit_sheet_report,stock_profit_sheet_by_report_em,601012,SH,601012,SH601012,sh,"{""symbol"":""SH601012""}",2026-07-29T14:52:06.133921+08:00,2026-07-29T14:52:06.566519+08:00,2026-07-29T14:52:06.566519+08:00,2026-07-27,2021,1.18.80,3.11.4,failed,0,0,[],[],,[],[],,,,,,invalid_parameter,[Errno 22] Invalid argument,OSError,,1,ERROR,0,1,0.432598
62bbe9df-6ed8-48d5-a06b-10fb90171ee0,stock_cash_flow_sheet_by_report_em:601012,cashflow_sheet_report,stock_cash_flow_sheet_by_report_em,601012,SH,601012,SH601012,sh,"{""symbol"":""SH601012""}",2026-07-29T14:52:06.866989+08:00,2026-07-29T14:52:07.188174+08:00,2026-07-29T14:52:07.188174+08:00,2026-07-27,2021,1.18.80,3.11.4,failed,0,0,[],[],,[],[],,,,,,invalid_parameter,[Errno 22] Invalid argument,OSError,,1,ERROR,0,1,0.321185
62bbe9df-6ed8-48d5-a06b-10fb90171ee0,stock_individual_fund_flow:601012,individual_fund_flow,stock_individual_fund_flow,601012,SH,601012,SH601012,sh,"{""market"":""sh"",""stock"":""601012""}",2026-07-29T14:52:07.488829+08:00,2026-07-29T14:52:07.633923+08:00,2026-07-29T14:52:07.633923+08:00,2026-07-27,2021,1.18.80,3.11.4,success,120,13,"[""日期"", ""收盘价"", ""涨跌幅"", ""主力净流入-净额"", ""主力净流入-净占比"", ""超大单净流入-净额"", ""超大单净流入-净占比"", ""大单净流入-净额"", ""大单净流入-净占比"", ""中单净流入-净额"", ""中单净流入-净占比"", ""小单净流入-净额"", ""小单净流入-净占比""]","[""object"", ""float64"", ""float64"", ""float64"", ""float64"", ""float64"", ""float64"", ""float64"", ""float64"", ""float64"", ""float64"", ""float64"", ""float64""]",39d19586f5d6277813b28052087763de97377a167acdb5bcedfce9c2de3c7627,[],[],,,,,data/raw/stock_individual_fund_flow/run_id=62bbe9df-6ed8-48d5-a06b-10fb90171ee0/symbol=601012/data.parquet,,,,,1,PASS,0,0,0.145094
62bbe9df-6ed8-48d5-a06b-10fb90171ee0,stock_financial_abstract:600438,financial_abstract,stock_financial_abstract,600438,SH,600438,SH600438,sh,"{""symbol"":""600438""}",2026-07-29T14:52:07.947131+08:00,2026-07-29T14:52:08.577346+08:00,2026-07-29T14:52:08.577346+08:00,2026-07-27,2021,1.18.80,3.11.4,success,80,98,"[""选项"", ""指标"", ""20260331"", ""20251231"", ""20250930"", ""20250630"", ""20250331"", ""20241231"", ""20240930"", ""20240630"", ""20240331"", ""20231231"", ""20230930"", ""20230630"", ""20230331"", ""20221231"", ""20220930"", ""20220630"", ""20220331"", ""20211231"", ""20210930"", ""20210630"", ""20210331"", ""20201231"", ""20200930"", ""20200630"", ""20200331"", ""20191231"", ""20190930"", ""20190630"", ""20190331"", ""20181231"", ""20180930"", ""20180630"", ""20180331"", ""20171231"", ""20170930"", ""20170630"", ""20170331"", ""20161231"", ""20160930"", ""20160630"", ""20160331"", ""20151231"", ""20150930"", ""20150630"", ""20150331"", ""20141231"", ""20140930"", ""20140630"", ""20140331"", ""20131231"", ""20130930"", ""20130630"", ""20130331"", ""20121231"", ""20120930"", ""20120630"", ""20120331"", ""20111231"", ""20110930"", ""20110630"", ""20110331"", ""20101231"", ""20100930"", ""20100630"", ""20100331"", ""20091231"", ""20090930"", ""20090630"", ""20090331"", ""20081231"", ""20080930"", ""20080630"", ""20080331"", ""20071231"", ""20070930"", ""20070630"", ""20070331"", ""20061231"", ""20060930"", ""20060630"", ""20060331"", ""20051231"", ""20050930"", ""20050630"", ""20050331"", ""20041231"", ""20040930"", ""20040630"", ""20040331"", ""20031231"", ""20030930"", ""20030630"", ""20030331"", ""20021231"", ""20011231"", ""20001231""]","[""str"", ""str"", ""float64"", ""float64"", ""float64"", ""float64"", ""float64"", ""float64"", ""float64"", ""float64"", ""float64"", ""float64"", ""float64"", ""float64"", ""float64"", ""float64"", ""float64"", ""float64"", ""float64"", ""float64"", ""float64"", ""float64"", ""float64"", ""float64"", ""float64"", ""float64"", ""float64"", ""float64"", ""float64"", ""float64"", ""float64"", ""float64"", ""float64"", ""float64"", ""float64"", ""float64"", ""float64"", ""float64"", ""float64"", ""float64"", ""float64"", ""float64"", ""float64"", ""float64"", ""float64"", ""float64"", ""float64"", ""float64"", ""float64"", ""float64"", ""float64"", ""float64"", ""float64"", ""float64"", ""float64"", ""float64"", ""float64"", ""float64"", ""float64"", ""float64"", ""float64"", ""float64"", ""float64"", ""float64"", ""float64"", ""float64"", ""float64"", ""float64"", ""float64"", ""float64"", ""float64"", ""float64"", ""float64"", ""float64"", ""float64"", ""float64"", ""float64"", ""float64"", ""float64"", ""float64"", ""float64"", ""float64"", ""float64"", ""float64"", ""float64"", ""float64"", ""float64"", ""float64"", ""float64"", ""float64"", ""float64"", ""float64"", ""float64"", ""float64"", ""float64"", ""float64"", ""float64"", ""float64""]",3919e4b949909e46cbe5d402c9190f8ffb6a80606ff4dedf1ac25ba9a3aa4dd0,[],[],,,,,data/raw/stock_financial_abstract/run_id=62bbe9df-6ed8-48d5-a06b-10fb90171ee0/symbol=600438/data.parquet,,,,,1,WARN,1,0,0.630215
62bbe9df-6ed8-48d5-a06b-10fb90171ee0,stock_financial_analysis_indicator:600438,financial_indicator,stock_financial_analysis_indicator,600438,SH,600438,SH600438,sh,"{""start_year"":""2021"",""symbol"":""600438""}",2026-07-29T14:52:08.896610+08:00,2026-07-29T14:52:09.035491+08:00,2026-07-29T14:52:09.035491+08:00,2026-07-27,2021,1.18.80,3.11.4,failed,0,0,[],[],,[],[],,,,,,invalid_parameter,[Errno 22] Invalid argument,OSError,,1,ERROR,0,1,0.138881
62bbe9df-6ed8-48d5-a06b-10fb90171ee0,stock_balance_sheet_by_report_em:600438,balance_sheet_report,stock_balance_sheet_by_report_em,600438,SH,600438,SH600438,sh,"{""symbol"":""SH600438""}",2026-07-29T14:52:09.336132+08:00,2026-07-29T14:52:10.038367+08:00,2026-07-29T14:52:10.038367+08:00,2026-07-27,2021,1.18.80,3.11.4,failed,0,0,[],[],,[],[],,,,,,invalid_parameter,[Errno 22] Invalid argument,OSError,,1,ERROR,0,1,0.702235
62bbe9df-6ed8-48d5-a06b-10fb90171ee0,stock_profit_sheet_by_report_em:600438,profit_sheet_report,stock_profit_sheet_by_report_em,600438,SH,600438,SH600438,sh,"{""symbol"":""SH600438""}",2026-07-29T14:52:10.338976+08:00,2026-07-29T14:52:10.593294+08:00,2026-07-29T14:52:10.593294+08:00,2026-07-27,2021,1.18.80,3.11.4,failed,0,0,[],[],,[],[],,,,,,invalid_parameter,[Errno 22] Invalid argument,OSError,,1,ERROR,0,1,0.254318
62bbe9df-6ed8-48d5-a06b-10fb90171ee0,stock_cash_flow_sheet_by_report_em:600438,cashflow_sheet_report,stock_cash_flow_sheet_by_report_em,600438,SH,600438,SH600438,sh,"{""symbol"":""SH600438""}",2026-07-29T14:52:10.893876+08:00,2026-07-29T14:52:11.191586+08:00,2026-07-29T14:52:11.191586+08:00,2026-07-27,2021,1.18.80,3.11.4,failed,0,0,[],[],,[],[],,,,,,invalid_parameter,[Errno 22] Invalid argument,OSError,,1,ERROR,0,1,0.29771
62bbe9df-6ed8-48d5-a06b-10fb90171ee0,stock_individual_fund_flow:600438,individual_fund_flow,stock_individual_fund_flow,600438,SH,600438,SH600438,sh,"{""market"":""sh"",""stock"":""600438""}",2026-07-29T14:52:11.492322+08:00,2026-07-29T14:52:11.650160+08:00,2026-07-29T14:52:11.650160+08:00,2026-07-27,2021,1.18.80,3.11.4,success,120,13,"[""日期"", ""收盘价"", ""涨跌幅"", ""主力净流入-净额"", ""主力净流入-净占比"", ""超大单净流入-净额"", ""超大单净流入-净占比"", ""大单净流入-净额"", ""大单净流入-净占比"", ""中单净流入-净额"", ""中单净流入-净占比"", ""小单净流入-净额"", ""小单净流入-净占比""]","[""object"", ""float64"", ""float64"", ""float64"", ""float64"", ""float64"", ""float64"", ""float64"", ""float64"", ""float64"", ""float64"", ""float64"", ""float64""]",39d19586f5d6277813b28052087763de97377a167acdb5bcedfce9c2de3c7627,[],[],,,,,data/raw/stock_individual_fund_flow/run_id=62bbe9df-6ed8-48d5-a06b-10fb90171ee0/symbol=600438/data.parquet,,,,,1,PASS,0,0,0.157838
62bbe9df-6ed8-48d5-a06b-10fb90171ee0,stock_financial_abstract:002361,financial_abstract,stock_financial_abstract,002361,SZ,002361,SZ002361,sz,"{""symbol"":""002361""}",2026-07-29T14:52:11.957323+08:00,2026-07-29T14:52:12.447479+08:00,2026-07-29T14:52:12.447479+08:00,2026-07-27,2021,1.18.80,3.11.4,success,80,73,"[""选项"", ""指标"", ""20260331"", ""20251231"", ""20250930"", ""20250630"", ""20250331"", ""20241231"", ""20240930"", ""20240630"", ""20240331"", ""20231231"", ""20230930"", ""20230630"", ""20230331"", ""20221231"", ""20220930"", ""20220630"", ""20220331"", ""20211231"", ""20210930"", ""20210630"", ""20210331"", ""20201231"", ""20200930"", ""20200630"", ""20200331"", ""20191231"", ""20190930"", ""20190630"", ""20190331"", ""20181231"", ""20180930"", ""20180630"", ""20180331"", ""20171231"", ""20170930"", ""20170630"", ""20170331"", ""20161231"", ""20160930"", ""20160630"", ""20160331"", ""20151231"", ""20150930"", ""20150630"", ""20150331"", ""20141231"", ""20140930"", ""20140630"", ""20140331"", ""20131231"", ""20130930"", ""20130630"", ""20130331"", ""20121231"", ""20120930"", ""20120630"", ""20120331"", ""20111231"", ""20110930"", ""20110630"", ""20110331"", ""20101231"", ""20100930"", ""20100630"", ""20100331"", ""20091231"", ""20090930"", ""20090630"", ""20090331"", ""20081231"", ""20071231""]","[""str"", ""str"", ""float64"", ""float64"", ""float64"", ""float64"", ""float64"", ""float64"", ""float64"", ""float64"", ""float64"", ""float64"", ""float64"", ""float64"", ""float64"", ""float64"", ""float64"", ""float64"", ""float64"", ""float64"", ""float64"", ""float64"", ""float64"", ""float64"", ""float64"", ""float64"", ""float64"", ""float64"", ""float64"", ""float64"", ""float64"", ""float64"", ""float64"", ""float64"", ""float64"", ""float64"", ""float64"", ""float64"", ""float64"", ""float64"", ""float64"", ""float64"", ""float64"", ""float64"", ""float64"", ""float64"", ""float64"", ""float64"", ""float64"", ""float64"", ""float64"", ""float64"", ""float64"", ""float64"", ""float64"", ""float64"", ""float64"", ""float64"", ""float64"", ""float64"", ""float64"", ""float64"", ""float64"", ""float64"", ""float64"", ""float64"", ""float64"", ""float64"", ""float64"", ""float64"", ""float64"", ""float64"", ""float64""]",99a4ff2d2c86363c98344f841285b922aa45cb7fe4becf24e72d01148d7441e5,[],[],,,,,data/raw/stock_financial_abstract/run_id=62bbe9df-6ed8-48d5-a06b-10fb90171ee0/symbol=002361/data.parquet,,,,,1,WARN,1,0,0.490156
62bbe9df-6ed8-48d5-a06b-10fb90171ee0,stock_financial_analysis_indicator:002361,financial_indicator,stock_financial_analysis_indicator,002361,SZ,002361,SZ002361,sz,"{""start_year"":""2021"",""symbol"":""002361""}",2026-07-29T14:52:12.762036+08:00,2026-07-29T14:52:12.928006+08:00,2026-07-29T14:52:12.928006+08:00,2026-07-27,2021,1.18.80,3.11.4,failed,0,0,[],[],,[],[],,,,,,invalid_parameter,[Errno 22] Invalid argument,OSError,,1,ERROR,0,1,0.16597
62bbe9df-6ed8-48d5-a06b-10fb90171ee0,stock_balance_sheet_by_report_em:002361,balance_sheet_report,stock_balance_sheet_by_report_em,002361,SZ,002361,SZ002361,sz,"{""symbol"":""SZ002361""}",2026-07-29T14:52:13.228826+08:00,2026-07-29T14:52:13.901090+08:00,2026-07-29T14:52:13.901090+08:00,2026-07-27,2021,1.18.80,3.11.4,failed,0,0,[],[],,[],[],,,,,,invalid_parameter,[Errno 22] Invalid argument,OSError,,1,ERROR,0,1,0.672264
62bbe9df-6ed8-48d5-a06b-10fb90171ee0,stock_profit_sheet_by_report_em:002361,profit_sheet_report,stock_profit_sheet_by_report_em,002361,SZ,002361,SZ002361,sz,"{""symbol"":""SZ002361""}",2026-07-29T14:52:14.201381+08:00,2026-07-29T14:52:14.350997+08:00,2026-07-29T14:52:14.350997+08:00,2026-07-27,2021,1.18.80,3.11.4,failed,0,0,[],[],,[],[],,,,,,invalid_parameter,[Errno 22] Invalid argument,OSError,,1,ERROR,0,1,0.149616
62bbe9df-6ed8-48d5-a06b-10fb90171ee0,stock_cash_flow_sheet_by_report_em:002361,cashflow_sheet_report,stock_cash_flow_sheet_by_report_em,002361,SZ,002361,SZ002361,sz,"{""symbol"":""SZ002361""}",2026-07-29T14:52:14.651479+08:00,2026-07-29T14:52:14.963365+08:00,2026-07-29T14:52:14.963365+08:00,2026-07-27,2021,1.18.80,3.11.4,failed,0,0,[],[],,[],[],,,,,,invalid_parameter,[Errno 22] Invalid argument,OSError,,1,ERROR,0,1,0.311886
62bbe9df-6ed8-48d5-a06b-10fb90171ee0,stock_individual_fund_flow:002361,individual_fund_flow,stock_individual_fund_flow,002361,SZ,002361,SZ002361,sz,"{""market"":""sz"",""stock"":""002361""}",2026-07-29T14:52:15.263881+08:00,2026-07-29T14:52:15.417983+08:00,2026-07-29T14:52:15.417983+08:00,2026-07-27,2021,1.18.80,3.11.4,success,120,13,"[""日期"", ""收盘价"", ""涨跌幅"", ""主力净流入-净额"", ""主力净流入-净占比"", ""超大单净流入-净额"", ""超大单净流入-净占比"", ""大单净流入-净额"", ""大单净流入-净占比"", ""中单净流入-净额"", ""中单净流入-净占比"", ""小单净流入-净额"", ""小单净流入-净占比""]","[""object"", ""float64"", ""float64"", ""float64"", ""float64"", ""float64"", ""float64"", ""float64"", ""float64"", ""float64"", ""float64"", ""float64"", ""float64""]",39d19586f5d6277813b28052087763de97377a167acdb5bcedfce9c2de3c7627,[],[],,,,,data/raw/stock_individual_fund_flow/run_id=62bbe9df-6ed8-48d5-a06b-10fb90171ee0/symbol=002361/data.parquet,,,,,1,PASS,0,0,0.154102
62bbe9df-6ed8-48d5-a06b-10fb90171ee0,stock_financial_abstract:601500,financial_abstract,stock_financial_abstract,601500,SH,601500,SH601500,sh,"{""symbol"":""601500""}",2026-07-29T14:52:15.737919+08:00,2026-07-29T14:52:16.035638+08:00,2026-07-29T14:52:16.035638+08:00,2026-07-27,2021,1.18.80,3.11.4,success,80,49,"[""选项"", ""指标"", ""20260331"", ""20251231"", ""20250930"", ""20250630"", ""20250331"", ""20241231"", ""20240930"", ""20240630"", ""20240331"", ""20231231"", ""20230930"", ""20230630"", ""20230331"", ""20221231"", ""20220930"", ""20220630"", ""20220331"", ""20211231"", ""20210930"", ""20210630"", ""20210331"", ""20201231"", ""20200930"", ""20200630"", ""20200331"", ""20191231"", ""20190930"", ""20190630"", ""20190331"", ""20181231"", ""20180930"", ""20180630"", ""20180331"", ""20171231"", ""20170930"", ""20170630"", ""20170331"", ""20161231"", ""20160930"", ""20160630"", ""20160331"", ""20151231"", ""20150930"", ""20141231"", ""20131231"", ""20121231"", ""20111231""]","[""str"", ""str"", ""float64"", ""float64"", ""float64"", ""float64"", ""float64"", ""float64"", ""float64"", ""float64"", ""float64"", ""float64"", ""float64"", ""float64"", ""float64"", ""float64"", ""float64"", ""float64"", ""float64"", ""float64"", ""float64"", ""float64"", ""float64"", ""float64"", ""float64"", ""float64"", ""float64"", ""float64"", ""float64"", ""float64"", ""float64"", ""float64"", ""float64"", ""float64"", ""float64"", ""float64"", ""float64"", ""float64"", ""float64"", ""float64"", ""float64"", ""float64"", ""float64"", ""float64"", ""float64"", ""float64"", ""float64"", ""float64"", ""float64""]",7524318b4243f14702e223aa329a838bba9875cff4bd89f2038dc4d037a76737,[],[],,,,,data/raw/stock_financial_abstract/run_id=62bbe9df-6ed8-48d5-a06b-10fb90171ee0/symbol=601500/data.parquet,,,,,1,WARN,1,0,0.297719
62bbe9df-6ed8-48d5-a06b-10fb90171ee0,stock_financial_analysis_indicator:601500,financial_indicator,stock_financial_analysis_indicator,601500,SH,601500,SH601500,sh,"{""start_year"":""2021"",""symbol"":""601500""}",2026-07-29T14:52:16.348557+08:00,2026-07-29T14:52:16.504138+08:00,2026-07-29T14:52:16.504138+08:00,2026-07-27,2021,1.18.80,3.11.4,failed,0,0,[],[],,[],[],,,,,,invalid_parameter,[Errno 22] Invalid argument,OSError,,1,ERROR,0,1,0.155581
62bbe9df-6ed8-48d5-a06b-10fb90171ee0,stock_balance_sheet_by_report_em:601500,balance_sheet_report,stock_balance_sheet_by_report_em,601500,SH,601500,SH601500,sh,"{""symbol"":""SH601500""}",2026-07-29T14:52:16.804805+08:00,2026-07-29T14:52:17.369916+08:00,2026-07-29T14:52:17.369916+08:00,2026-07-27,2021,1.18.80,3.11.4,failed,0,0,[],[],,[],[],,,,,,invalid_parameter,[Errno 22] Invalid argument,OSError,,1,ERROR,0,1,0.565111
62bbe9df-6ed8-48d5-a06b-10fb90171ee0,stock_profit_sheet_by_report_em:601500,profit_sheet_report,stock_profit_sheet_by_report_em,601500,SH,601500,SH601500,sh,"{""symbol"":""SH601500""}",2026-07-29T14:52:17.670460+08:00,2026-07-29T14:52:17.969781+08:00,2026-07-29T14:52:17.969781+08:00,2026-07-27,2021,1.18.80,3.11.4,failed,0,0,[],[],,[],[],,,,,,invalid_parameter,[Errno 22] Invalid argument,OSError,,1,ERROR,0,1,0.299321
62bbe9df-6ed8-48d5-a06b-10fb90171ee0,stock_cash_flow_sheet_by_report_em:601500,cashflow_sheet_report,stock_cash_flow_sheet_by_report_em,601500,SH,601500,SH601500,sh,"{""symbol"":""SH601500""}",2026-07-29T14:52:18.270317+08:00,2026-07-29T14:52:18.559142+08:00,2026-07-29T14:52:18.559142+08:00,2026-07-27,2021,1.18.80,3.11.4,failed,0,0,[],[],,[],[],,,,,,invalid_parameter,[Errno 22] Invalid argument,OSError,,1,ERROR,0,1,0.288825
62bbe9df-6ed8-48d5-a06b-10fb90171ee0,stock_individual_fund_flow:601500,individual_fund_flow,stock_individual_fund_flow,601500,SH,601500,SH601500,sh,"{""market"":""sh"",""stock"":""601500""}",2026-07-29T14:52:18.859390+08:00,2026-07-29T14:52:19.014782+08:00,2026-07-29T14:52:19.014782+08:00,2026-07-27,2021,1.18.80,3.11.4,success,120,13,"[""日期"", ""收盘价"", ""涨跌幅"", ""主力净流入-净额"", ""主力净流入-净占比"", ""超大单净流入-净额"", ""超大单净流入-净占比"", ""大单净流入-净额"", ""大单净流入-净占比"", ""中单净流入-净额"", ""中单净流入-净占比"", ""小单净流入-净额"", ""小单净流入-净占比""]","[""object"", ""float64"", ""float64"", ""float64"", ""float64"", ""float64"", ""float64"", ""float64"", ""float64"", ""float64"", ""float64"", ""float64"", ""float64""]",39d19586f5d6277813b28052087763de97377a167acdb5bcedfce9c2de3c7627,[],[],,,,,data/raw/stock_individual_fund_flow/run_id=62bbe9df-6ed8-48d5-a06b-10fb90171ee0/symbol=601500/data.parquet,,,,,1,PASS,0,0,0.155392
62bbe9df-6ed8-48d5-a06b-10fb90171ee0,stock_financial_abstract:600231,financial_abstract,stock_financial_abstract,600231,SH,600231,SH600231,sh,"{""symbol"":""600231""}",2026-07-29T14:52:19.322823+08:00,2026-07-29T14:52:20.010421+08:00,2026-07-29T14:52:20.010421+08:00,2026-07-27,2021,1.18.80,3.11.4,success,80,107,"[""选项"", ""指标"", ""20260331"", ""20251231"", ""20250930"", ""20250630"", ""20250331"", ""20241231"", ""20240930"", ""20240630"", ""20240331"", ""20231231"", ""20230930"", ""20230630"", ""20230331"", ""20221231"", ""20220930"", ""20220630"", ""20220331"", ""20211231"", ""20210930"", ""20210630"", ""20210331"", ""20201231"", ""20200930"", ""20200630"", ""20200331"", ""20191231"", ""20190930"", ""20190630"", ""20190331"", ""20181231"", ""20180930"", ""20180630"", ""20180331"", ""20171231"", ""20170930"", ""20170630"", ""20170331"", ""20161231"", ""20160930"", ""20160630"", ""20160331"", ""20151231"", ""20150930"", ""20150630"", ""20150331"", ""20141231"", ""20140930"", ""20140630"", ""20140331"", ""20131231"", ""20130930"", ""20130630"", ""20130331"", ""20121231"", ""20120930"", ""20120630"", ""20120331"", ""20111231"", ""20110930"", ""20110630"", ""20110331"", ""20101231"", ""20100930"", ""20100630"", ""20100331"", ""20091231"", ""20090930"", ""20090630"", ""20090331"", ""20081231"", ""20080930"", ""20080630"", ""20080331"", ""20071231"", ""20070930"", ""20070630"", ""20070331"", ""20061231"", ""20060930"", ""20060630"", ""20060331"", ""20051231"", ""20050930"", ""20050630"", ""20050331"", ""20041231"", ""20040930"", ""20040630"", ""20040331"", ""20031231"", ""20030930"", ""20030630"", ""20030331"", ""20021231"", ""20020930"", ""20020630"", ""20020331"", ""20011231"", ""20010930"", ""20010630"", ""20001231"", ""20000630"", ""19991231"", ""19981231"", ""19971231""]","[""str"", ""str"", ""float64"", ""float64"", ""float64"", ""float64"", ""float64"", ""float64"", ""float64"", ""float64"", ""float64"", ""float64"", ""float64"", ""float64"", ""float64"", ""float64"", ""float64"", ""float64"", ""float64"", ""float64"", ""float64"", ""float64"", ""float64"", ""float64"", ""float64"", ""float64"", ""float64"", ""float64"", ""float64"", ""float64"", ""float64"", ""float64"", ""float64"", ""float64"", ""float64"", ""float64"", ""float64"", ""float64"", ""float64"", ""float64"", ""float64"", ""float64"", ""float64"", ""float64"", ""float64"", ""float64"", ""float64"", ""float64"", ""float64"", ""float64"", ""float64"", ""float64"", ""float64"", ""float64"", ""float64"", ""float64"", ""float64"", ""float64"", ""float64"", ""float64"", ""float64"", ""float64"", ""float64"", ""float64"", ""float64"", ""float64"", ""float64"", ""float64"", ""float64"", ""float64"", ""float64"", ""float64"", ""float64"", ""float64"", ""float64"", ""float64"", ""float64"", ""float64"", ""float64"", ""float64"", ""float64"", ""float64"", ""float64"", ""float64"", ""float64"", ""float64"", ""float64"", ""float64"", ""float64"", ""float64"", ""float64"", ""float64"", ""float64"", ""float64"", ""float64"", ""float64"", ""float64"", ""float64"", ""float64"", ""float64"", ""float64"", ""float64"", ""float64"", ""float64"", ""float64"", ""float64"", ""float64""]",99ea0a1aa9d46f318de46aa13bc4f0eb4ec0d98b960400421db03293dff49da3,[],[],,,,,data/raw/stock_financial_abstract/run_id=62bbe9df-6ed8-48d5-a06b-10fb90171ee0/symbol=600231/data.parquet,,,,,1,WARN,1,0,0.687598
62bbe9df-6ed8-48d5-a06b-10fb90171ee0,stock_financial_analysis_indicator:600231,financial_indicator,stock_financial_analysis_indicator,600231,SH,600231,SH600231,sh,"{""start_year"":""2021"",""symbol"":""600231""}",2026-07-29T14:52:20.328122+08:00,2026-07-29T14:52:20.479594+08:00,2026-07-29T14:52:20.479594+08:00,2026-07-27,2021,1.18.80,3.11.4,failed,0,0,[],[],,[],[],,,,,,invalid_parameter,[Errno 22] Invalid argument,OSError,,1,ERROR,0,1,0.151472
62bbe9df-6ed8-48d5-a06b-10fb90171ee0,stock_balance_sheet_by_report_em:600231,balance_sheet_report,stock_balance_sheet_by_report_em,600231,SH,600231,SH600231,sh,"{""symbol"":""SH600231""}",2026-07-29T14:52:20.780528+08:00,2026-07-29T14:52:21.515439+08:00,2026-07-29T14:52:21.515439+08:00,2026-07-27,2021,1.18.80,3.11.4,failed,0,0,[],[],,[],[],,,,,,invalid_parameter,[Errno 22] Invalid argument,OSError,,1,ERROR,0,1,0.734911
62bbe9df-6ed8-48d5-a06b-10fb90171ee0,stock_profit_sheet_by_report_em:600231,profit_sheet_report,stock_profit_sheet_by_report_em,600231,SH,600231,SH600231,sh,"{""symbol"":""SH600231""}",2026-07-29T14:52:21.816301+08:00,2026-07-29T14:52:22.118698+08:00,2026-07-29T14:52:22.118698+08:00,2026-07-27,2021,1.18.80,3.11.4,failed,0,0,[],[],,[],[],,,,,,invalid_parameter,[Errno 22] Invalid argument,OSError,,1,ERROR,0,1,0.302397
62bbe9df-6ed8-48d5-a06b-10fb90171ee0,stock_cash_flow_sheet_by_report_em:600231,cashflow_sheet_report,stock_cash_flow_sheet_by_report_em,600231,SH,600231,SH600231,sh,"{""symbol"":""SH600231""}",2026-07-29T14:52:22.419384+08:00,2026-07-29T14:52:22.732097+08:00,2026-07-29T14:52:22.732097+08:00,2026-07-27,2021,1.18.80,3.11.4,failed,0,0,[],[],,[],[],,,,,,invalid_parameter,[Errno 22] Invalid argument,OSError,,1,ERROR,0,1,0.312713
62bbe9df-6ed8-48d5-a06b-10fb90171ee0,stock_individual_fund_flow:600231,individual_fund_flow,stock_individual_fund_flow,600231,SH,600231,SH600231,sh,"{""market"":""sh"",""stock"":""600231""}",2026-07-29T14:52:23.033179+08:00,2026-07-29T14:52:23.193211+08:00,2026-07-29T14:52:23.193211+08:00,2026-07-27,2021,1.18.80,3.11.4,success,120,13,"[""日期"", ""收盘价"", ""涨跌幅"", ""主力净流入-净额"", ""主力净流入-净占比"", ""超大单净流入-净额"", ""超大单净流入-净占比"", ""大单净流入-净额"", ""大单净流入-净占比"", ""中单净流入-净额"", ""中单净流入-净占比"", ""小单净流入-净额"", ""小单净流入-净占比""]","[""object"", ""float64"", ""float64"", ""float64"", ""float64"", ""float64"", ""float64"", ""float64"", ""float64"", ""float64"", ""float64"", ""float64"", ""float64""]",39d19586f5d6277813b28052087763de97377a167acdb5bcedfce9c2de3c7627,[],[],,,,,data/raw/stock_individual_fund_flow/run_id=62bbe9df-6ed8-48d5-a06b-10fb90171ee0/symbol=600231/data.parquet,,,,,1,PASS,0,0,0.160032
62bbe9df-6ed8-48d5-a06b-10fb90171ee0,stock_financial_abstract:300274,financial_abstract,stock_financial_abstract,300274,SZ,300274,SZ300274,sz,"{""symbol"":""300274""}",2026-07-29T14:52:23.508176+08:00,2026-07-29T14:52:23.958387+08:00,2026-07-29T14:52:23.958387+08:00,2026-07-27,2021,1.18.80,3.11.4,success,80,67,"[""选项"", ""指标"", ""20260331"", ""20251231"", ""20250930"", ""20250630"", ""20250331"", ""20241231"", ""20240930"", ""20240630"", ""20240331"", ""20231231"", ""20230930"", ""20230630"", ""20230331"", ""20221231"", ""20220930"", ""20220630"", ""20220331"", ""20211231"", ""20210930"", ""20210630"", ""20210331"", ""20201231"", ""20200930"", ""20200630"", ""20200331"", ""20191231"", ""20190930"", ""20190630"", ""20190331"", ""20181231"", ""20180930"", ""20180630"", ""20180331"", ""20171231"", ""20170930"", ""20170630"", ""20170331"", ""20161231"", ""20160930"", ""20160630"", ""20160331"", ""20151231"", ""20150930"", ""20150630"", ""20150331"", ""20141231"", ""20140930"", ""20140630"", ""20140331"", ""20131231"", ""20130930"", ""20130630"", ""20130331"", ""20121231"", ""20120930"", ""20120630"", ""20120331"", ""20111231"", ""20110930"", ""20110630"", ""20110331"", ""20101231"", ""20100930"", ""20091231"", ""20081231""]","[""str"", ""str"", ""float64"", ""float64"", ""float64"", ""float64"", ""float64"", ""float64"", ""float64"", ""float64"", ""float64"", ""float64"", ""float64"", ""float64"", ""float64"", ""float64"", ""float64"", ""float64"", ""float64"", ""float64"", ""float64"", ""float64"", ""float64"", ""float64"", ""float64"", ""float64"", ""float64"", ""float64"", ""float64"", ""float64"", ""float64"", ""float64"", ""float64"", ""float64"", ""float64"", ""float64"", ""float64"", ""float64"", ""float64"", ""float64"", ""float64"", ""float64"", ""float64"", ""float64"", ""float64"", ""float64"", ""float64"", ""float64"", ""float64"", ""float64"", ""float64"", ""float64"", ""float64"", ""float64"", ""float64"", ""float64"", ""float64"", ""float64"", ""float64"", ""float64"", ""float64"", ""float64"", ""float64"", ""float64"", ""float64"", ""float64"", ""float64""]",7d14f1266938c4a4f53e358865d8c6244c9558ef375532ef00d241049b520cf6,[],[],,,,,data/raw/stock_financial_abstract/run_id=62bbe9df-6ed8-48d5-a06b-10fb90171ee0/symbol=300274/data.parquet,,,,,1,WARN,1,0,0.450211
62bbe9df-6ed8-48d5-a06b-10fb90171ee0,stock_financial_analysis_indicator:300274,financial_indicator,stock_financial_analysis_indicator,300274,SZ,300274,SZ300274,sz,"{""start_year"":""2021"",""symbol"":""300274""}",2026-07-29T14:52:24.269891+08:00,2026-07-29T14:52:24.396615+08:00,2026-07-29T14:52:24.396615+08:00,2026-07-27,2021,1.18.80,3.11.4,failed,0,0,[],[],,[],[],,,,,,invalid_parameter,[Errno 22] Invalid argument,OSError,,1,ERROR,0,1,0.126724
62bbe9df-6ed8-48d5-a06b-10fb90171ee0,stock_balance_sheet_by_report_em:300274,balance_sheet_report,stock_balance_sheet_by_report_em,300274,SZ,300274,SZ300274,sz,"{""symbol"":""SZ300274""}",2026-07-29T14:52:24.697298+08:00,2026-07-29T14:52:25.437957+08:00,2026-07-29T14:52:25.437957+08:00,2026-07-27,2021,1.18.80,3.11.4,failed,0,0,[],[],,[],[],,,,,,invalid_parameter,[Errno 22] Invalid argument,OSError,,1,ERROR,0,1,0.740659
62bbe9df-6ed8-48d5-a06b-10fb90171ee0,stock_profit_sheet_by_report_em:300274,profit_sheet_report,stock_profit_sheet_by_report_em,300274,SZ,300274,SZ300274,sz,"{""symbol"":""SZ300274""}",2026-07-29T14:52:25.738569+08:00,2026-07-29T14:52:26.027555+08:00,2026-07-29T14:52:26.027555+08:00,2026-07-27,2021,1.18.80,3.11.4,failed,0,0,[],[],,[],[],,,,,,invalid_parameter,[Errno 22] Invalid argument,OSError,,1,ERROR,0,1,0.288986
62bbe9df-6ed8-48d5-a06b-10fb90171ee0,stock_cash_flow_sheet_by_report_em:300274,cashflow_sheet_report,stock_cash_flow_sheet_by_report_em,300274,SZ,300274,SZ300274,sz,"{""symbol"":""SZ300274""}",2026-07-29T14:52:26.328354+08:00,2026-07-29T14:52:26.679998+08:00,2026-07-29T14:52:26.679998+08:00,2026-07-27,2021,1.18.80,3.11.4,failed,0,0,[],[],,[],[],,,,,,invalid_parameter,[Errno 22] Invalid argument,OSError,,1,ERROR,0,1,0.351644
62bbe9df-6ed8-48d5-a06b-10fb90171ee0,stock_individual_fund_flow:300274,individual_fund_flow,stock_individual_fund_flow,300274,SZ,300274,SZ300274,sz,"{""market"":""sz"",""stock"":""300274""}",2026-07-29T14:52:26.980581+08:00,2026-07-29T14:52:27.130680+08:00,2026-07-29T14:52:27.130680+08:00,2026-07-27,2021,1.18.80,3.11.4,success,120,13,"[""日期"", ""收盘价"", ""涨跌幅"", ""主力净流入-净额"", ""主力净流入-净占比"", ""超大单净流入-净额"", ""超大单净流入-净占比"", ""大单净流入-净额"", ""大单净流入-净占比"", ""中单净流入-净额"", ""中单净流入-净占比"", ""小单净流入-净额"", ""小单净流入-净占比""]","[""object"", ""float64"", ""float64"", ""float64"", ""float64"", ""float64"", ""float64"", ""float64"", ""float64"", ""float64"", ""float64"", ""float64"", ""float64""]",39d19586f5d6277813b28052087763de97377a167acdb5bcedfce9c2de3c7627,[],[],,,,,data/raw/stock_individual_fund_flow/run_id=62bbe9df-6ed8-48d5-a06b-10fb90171ee0/symbol=300274/data.parquet,,,,,1,PASS,0,0,0.150099
62bbe9df-6ed8-48d5-a06b-10fb90171ee0,stock_financial_abstract:601636,financial_abstract,stock_financial_abstract,601636,SH,601636,SH601636,sh,"{""symbol"":""601636""}",2026-07-29T14:52:27.435805+08:00,2026-07-29T14:52:27.975077+08:00,2026-07-29T14:52:27.975077+08:00,2026-07-27,2021,1.18.80,3.11.4,success,80,68,"[""选项"", ""指标"", ""20260331"", ""20251231"", ""20250930"", ""20250630"", ""20250331"", ""20241231"", ""20240930"", ""20240630"", ""20240331"", ""20231231"", ""20230930"", ""20230630"", ""20230331"", ""20221231"", ""20220930"", ""20220630"", ""20220331"", ""20211231"", ""20210930"", ""20210630"", ""20210331"", ""20201231"", ""20200930"", ""20200630"", ""20200331"", ""20191231"", ""20190930"", ""20190630"", ""20190331"", ""20181231"", ""20180930"", ""20180630"", ""20180331"", ""20171231"", ""20170930"", ""20170630"", ""20170331"", ""20161231"", ""20160930"", ""20160630"", ""20160331"", ""20151231"", ""20150930"", ""20150630"", ""20150331"", ""20141231"", ""20140930"", ""20140630"", ""20140331"", ""20131231"", ""20130930"", ""20130630"", ""20130331"", ""20121231"", ""20120930"", ""20120630"", ""20120331"", ""20111231"", ""20110930"", ""20110630"", ""20110331"", ""20101231"", ""20100930"", ""20100630"", ""20091231"", ""20081231""]","[""str"", ""str"", ""float64"", ""float64"", ""float64"", ""float64"", ""float64"", ""float64"", ""float64"", ""float64"", ""float64"", ""float64"", ""float64"", ""float64"", ""float64"", ""float64"", ""float64"", ""float64"", ""float64"", ""float64"", ""float64"", ""float64"", ""float64"", ""float64"", ""float64"", ""float64"", ""float64"", ""float64"", ""float64"", ""float64"", ""float64"", ""float64"", ""float64"", ""float64"", ""float64"", ""float64"", ""float64"", ""float64"", ""float64"", ""float64"", ""float64"", ""float64"", ""float64"", ""float64"", ""float64"", ""float64"", ""float64"", ""float64"", ""float64"", ""float64"", ""float64"", ""float64"", ""float64"", ""float64"", ""float64"", ""float64"", ""float64"", ""float64"", ""float64"", ""float64"", ""float64"", ""float64"", ""float64"", ""float64"", ""float64"", ""float64"", ""float64"", ""float64""]",ced78842253743ac592e1c53767ed786b8d78a1dbb0e1608f8cc2e0cd7cd4f04,[],[],,,,,data/raw/stock_financial_abstract/run_id=62bbe9df-6ed8-48d5-a06b-10fb90171ee0/symbol=601636/data.parquet,,,,,1,WARN,1,0,0.539272
62bbe9df-6ed8-48d5-a06b-10fb90171ee0,stock_financial_analysis_indicator:601636,financial_indicator,stock_financial_analysis_indicator,601636,SH,601636,SH601636,sh,"{""start_year"":""2021"",""symbol"":""601636""}",2026-07-29T14:52:28.291595+08:00,2026-07-29T14:52:28.465099+08:00,2026-07-29T14:52:28.465099+08:00,2026-07-27,2021,1.18.80,3.11.4,failed,0,0,[],[],,[],[],,,,,,invalid_parameter,[Errno 22] Invalid argument,OSError,,1,ERROR,0,1,0.173504
62bbe9df-6ed8-48d5-a06b-10fb90171ee0,stock_balance_sheet_by_report_em:601636,balance_sheet_report,stock_balance_sheet_by_report_em,601636,SH,601636,SH601636,sh,"{""symbol"":""SH601636""}",2026-07-29T14:52:28.765702+08:00,2026-07-29T14:52:29.411002+08:00,2026-07-29T14:52:29.411002+08:00,2026-07-27,2021,1.18.80,3.11.4,failed,0,0,[],[],,[],[],,,,,,invalid_parameter,[Errno 22] Invalid argument,OSError,,1,ERROR,0,1,0.6453
62bbe9df-6ed8-48d5-a06b-10fb90171ee0,stock_profit_sheet_by_report_em:601636,profit_sheet_report,stock_profit_sheet_by_report_em,601636,SH,601636,SH601636,sh,"{""symbol"":""SH601636""}",2026-07-29T14:52:29.711644+08:00,2026-07-29T14:52:30.005153+08:00,2026-07-29T14:52:30.005153+08:00,2026-07-27,2021,1.18.80,3.11.4,failed,0,0,[],[],,[],[],,,,,,invalid_parameter,[Errno 22] Invalid argument,OSError,,1,ERROR,0,1,0.293509
62bbe9df-6ed8-48d5-a06b-10fb90171ee0,stock_cash_flow_sheet_by_report_em:601636,cashflow_sheet_report,stock_cash_flow_sheet_by_report_em,601636,SH,601636,SH601636,sh,"{""symbol"":""SH601636""}",2026-07-29T14:52:30.305611+08:00,2026-07-29T14:52:30.635455+08:00,2026-07-29T14:52:30.635455+08:00,2026-07-27,2021,1.18.80,3.11.4,failed,0,0,[],[],,[],[],,,,,,invalid_parameter,[Errno 22] Invalid argument,OSError,,1,ERROR,0,1,0.329844
62bbe9df-6ed8-48d5-a06b-10fb90171ee0,stock_individual_fund_flow:601636,individual_fund_flow,stock_individual_fund_flow,601636,SH,601636,SH601636,sh,"{""market"":""sh"",""stock"":""601636""}",2026-07-29T14:52:30.936332+08:00,2026-07-29T14:52:31.094644+08:00,2026-07-29T14:52:31.094644+08:00,2026-07-27,2021,1.18.80,3.11.4,success,120,13,"[""日期"", ""收盘价"", ""涨跌幅"", ""主力净流入-净额"", ""主力净流入-净占比"", ""超大单净流入-净额"", ""超大单净流入-净占比"", ""大单净流入-净额"", ""大单净流入-净占比"", ""中单净流入-净额"", ""中单净流入-净占比"", ""小单净流入-净额"", ""小单净流入-净占比""]","[""object"", ""float64"", ""float64"", ""float64"", ""float64"", ""float64"", ""float64"", ""float64"", ""float64"", ""float64"", ""float64"", ""float64"", ""float64""]",39d19586f5d6277813b28052087763de97377a167acdb5bcedfce9c2de3c7627,[],[],,,,,data/raw/stock_individual_fund_flow/run_id=62bbe9df-6ed8-48d5-a06b-10fb90171ee0/symbol=601636/data.parquet,,,,,1,PASS,0,0,0.158312
62bbe9df-6ed8-48d5-a06b-10fb90171ee0,stock_financial_abstract:002129,financial_abstract,stock_financial_abstract,002129,SZ,002129,SZ002129,sz,"{""symbol"":""002129""}",2026-07-29T14:52:31.400927+08:00,2026-07-29T14:52:32.089352+08:00,2026-07-29T14:52:32.089352+08:00,2026-07-27,2021,1.18.80,3.11.4,success,80,85,"[""选项"", ""指标"", ""20260331"", ""20251231"", ""20250930"", ""20250630"", ""20250331"", ""20241231"", ""20240930"", ""20240630"", ""20240331"", ""20231231"", ""20230930"", ""20230630"", ""20230331"", ""20221231"", ""20220930"", ""20220630"", ""20220331"", ""20211231"", ""20210930"", ""20210630"", ""20210331"", ""20201231"", ""20200930"", ""20200630"", ""20200331"", ""20191231"", ""20190930"", ""20190630"", ""20190331"", ""20181231"", ""20180930"", ""20180630"", ""20180331"", ""20171231"", ""20170930"", ""20170630"", ""20170331"", ""20161231"", ""20160930"", ""20160630"", ""20160331"", ""20151231"", ""20150930"", ""20150630"", ""20150331"", ""20141231"", ""20140930"", ""20140630"", ""20140331"", ""20131231"", ""20130930"", ""20130630"", ""20130331"", ""20121231"", ""20120930"", ""20120630"", ""20120331"", ""20111231"", ""20110930"", ""20110630"", ""20110331"", ""20101231"", ""20100930"", ""20100630"", ""20100331"", ""20091231"", ""20090930"", ""20090630"", ""20090331"", ""20081231"", ""20080930"", ""20080630"", ""20080331"", ""20071231"", ""20070930"", ""20070630"", ""20070331"", ""20061231"", ""20060930"", ""20060630"", ""20060331"", ""20051231"", ""20041231""]","[""str"", ""str"", ""float64"", ""float64"", ""float64"", ""float64"", ""float64"", ""float64"", ""float64"", ""float64"", ""float64"", ""float64"", ""float64"", ""float64"", ""float64"", ""float64"", ""float64"", ""float64"", ""float64"", ""float64"", ""float64"", ""float64"", ""float64"", ""float64"", ""float64"", ""float64"", ""float64"", ""float64"", ""float64"", ""float64"", ""float64"", ""float64"", ""float64"", ""float64"", ""float64"", ""float64"", ""float64"", ""float64"", ""float64"", ""float64"", ""float64"", ""float64"", ""float64"", ""float64"", ""float64"", ""float64"", ""float64"", ""float64"", ""float64"", ""float64"", ""float64"", ""float64"", ""float64"", ""float64"", ""float64"", ""float64"", ""float64"", ""float64"", ""float64"", ""float64"", ""float64"", ""float64"", ""float64"", ""float64"", ""float64"", ""float64"", ""float64"", ""float64"", ""float64"", ""float64"", ""float64"", ""float64"", ""float64"", ""float64"", ""float64"", ""float64"", ""float64"", ""float64"", ""float64"", ""float64"", ""float64"", ""float64"", ""float64"", ""float64"", ""float64""]",24d85565fd72b186cd61a82d73596a93984e5c0763b3845dc300e7baf523b4f0,[],[],,,,,data/raw/stock_financial_abstract/run_id=62bbe9df-6ed8-48d5-a06b-10fb90171ee0/symbol=002129/data.parquet,,,,,1,WARN,1,0,0.688425
62bbe9df-6ed8-48d5-a06b-10fb90171ee0,stock_financial_analysis_indicator:002129,financial_indicator,stock_financial_analysis_indicator,002129,SZ,002129,SZ002129,sz,"{""start_year"":""2021"",""symbol"":""002129""}",2026-07-29T14:52:32.405847+08:00,2026-07-29T14:52:32.537266+08:00,2026-07-29T14:52:32.537266+08:00,2026-07-27,2021,1.18.80,3.11.4,failed,0,0,[],[],,[],[],,,,,,invalid_parameter,[Errno 22] Invalid argument,OSError,,1,ERROR,0,1,0.131419
62bbe9df-6ed8-48d5-a06b-10fb90171ee0,stock_balance_sheet_by_report_em:002129,balance_sheet_report,stock_balance_sheet_by_report_em,002129,SZ,002129,SZ002129,sz,"{""symbol"":""SZ002129""}",2026-07-29T14:52:32.837629+08:00,2026-07-29T14:52:33.496420+08:00,2026-07-29T14:52:33.496420+08:00,2026-07-27,2021,1.18.80,3.11.4,failed,0,0,[],[],,[],[],,,,,,invalid_parameter,[Errno 22] Invalid argument,OSError,,1,ERROR,0,1,0.658791
62bbe9df-6ed8-48d5-a06b-10fb90171ee0,stock_profit_sheet_by_report_em:002129,profit_sheet_report,stock_profit_sheet_by_report_em,002129,SZ,002129,SZ002129,sz,"{""symbol"":""SZ002129""}",2026-07-29T14:52:33.796953+08:00,2026-07-29T14:52:33.907149+08:00,2026-07-29T14:52:33.907149+08:00,2026-07-27,2021,1.18.80,3.11.4,failed,0,0,[],[],,[],[],,,,,,invalid_parameter,[Errno 22] Invalid argument,OSError,,1,ERROR,0,1,0.110196
62bbe9df-6ed8-48d5-a06b-10fb90171ee0,stock_cash_flow_sheet_by_report_em:002129,cashflow_sheet_report,stock_cash_flow_sheet_by_report_em,002129,SZ,002129,SZ002129,sz,"{""symbol"":""SZ002129""}",2026-07-29T14:52:34.207613+08:00,2026-07-29T14:52:34.459716+08:00,2026-07-29T14:52:34.459716+08:00,2026-07-27,2021,1.18.80,3.11.4,failed,0,0,[],[],,[],[],,,,,,invalid_parameter,[Errno 22] Invalid argument,OSError,,1,ERROR,0,1,0.252103
62bbe9df-6ed8-48d5-a06b-10fb90171ee0,stock_individual_fund_flow:002129,individual_fund_flow,stock_individual_fund_flow,002129,SZ,002129,SZ002129,sz,"{""market"":""sz"",""stock"":""002129""}",2026-07-29T14:52:34.760844+08:00,2026-07-29T14:52:34.907624+08:00,2026-07-29T14:52:34.907624+08:00,2026-07-27,2021,1.18.80,3.11.4,success,120,13,"[""日期"", ""收盘价"", ""涨跌幅"", ""主力净流入-净额"", ""主力净流入-净占比"", ""超大单净流入-净额"", ""超大单净流入-净占比"", ""大单净流入-净额"", ""大单净流入-净占比"", ""中单净流入-净额"", ""中单净流入-净占比"", ""小单净流入-净额"", ""小单净流入-净占比""]","[""object"", ""float64"", ""float64"", ""float64"", ""float64"", ""float64"", ""float64"", ""float64"", ""float64"", ""float64"", ""float64"", ""float64"", ""float64""]",39d19586f5d6277813b28052087763de97377a167acdb5bcedfce9c2de3c7627,[],[],,,,,data/raw/stock_individual_fund_flow/run_id=62bbe9df-6ed8-48d5-a06b-10fb90171ee0/symbol=002129/data.parquet,,,,,1,PASS,0,0,0.14678
62bbe9df-6ed8-48d5-a06b-10fb90171ee0,stock_financial_abstract:000100,financial_abstract,stock_financial_abstract,000100,SZ,000100,SZ000100,sz,"{""symbol"":""000100""}",2026-07-29T14:52:35.215755+08:00,2026-07-29T14:52:35.739068+08:00,2026-07-29T14:52:35.739068+08:00,2026-07-27,2021,1.18.80,3.11.4,success,80,98,"[""选项"", ""指标"", ""20260331"", ""20251231"", ""20250930"", ""20250630"", ""20250331"", ""20241231"", ""20240930"", ""20240630"", ""20240331"", ""20231231"", ""20230930"", ""20230630"", ""20230331"", ""20221231"", ""20220930"", ""20220630"", ""20220331"", ""20211231"", ""20210930"", ""20210630"", ""20210331"", ""20201231"", ""20200930"", ""20200630"", ""20200331"", ""20191231"", ""20190930"", ""20190630"", ""20190331"", ""20181231"", ""20180930"", ""20180630"", ""20180331"", ""20171231"", ""20170930"", ""20170630"", ""20170331"", ""20161231"", ""20160930"", ""20160630"", ""20160331"", ""20151231"", ""20150930"", ""20150630"", ""20150331"", ""20141231"", ""20140930"", ""20140630"", ""20140331"", ""20131231"", ""20130930"", ""20130630"", ""20130331"", ""20121231"", ""20120930"", ""20120630"", ""20120331"", ""20111231"", ""20110930"", ""20110630"", ""20110331"", ""20101231"", ""20100930"", ""20100630"", ""20100331"", ""20091231"", ""20090930"", ""20090630"", ""20090331"", ""20081231"", ""20080930"", ""20080630"", ""20080331"", ""20071231"", ""20070930"", ""20070630"", ""20070331"", ""20061231"", ""20060930"", ""20060630"", ""20060331"", ""20051231"", ""20050930"", ""20050630"", ""20050331"", ""20041231"", ""20040930"", ""20040630"", ""20040331"", ""20031231"", ""20030930"", ""20030630"", ""20030331"", ""20021231"", ""20011231"", ""20001231""]","[""str"", ""str"", ""float64"", ""float64"", ""float64"", ""float64"", ""float64"", ""float64"", ""float64"", ""float64"", ""float64"", ""float64"", ""float64"", ""float64"", ""float64"", ""float64"", ""float64"", ""float64"", ""float64"", ""float64"", ""float64"", ""float64"", ""float64"", ""float64"", ""float64"", ""float64"", ""float64"", ""float64"", ""float64"", ""float64"", ""float64"", ""float64"", ""float64"", ""float64"", ""float64"", ""float64"", ""float64"", ""float64"", ""float64"", ""float64"", ""float64"", ""float64"", ""float64"", ""float64"", ""float64"", ""float64"", ""float64"", ""float64"", ""float64"", ""float64"", ""float64"", ""float64"", ""float64"", ""float64"", ""float64"", ""float64"", ""float64"", ""float64"", ""float64"", ""float64"", ""float64"", ""float64"", ""float64"", ""float64"", ""float64"", ""float64"", ""float64"", ""float64"", ""float64"", ""float64"", ""float64"", ""float64"", ""float64"", ""float64"", ""float64"", ""float64"", ""float64"", ""float64"", ""float64"", ""float64"", ""float64"", ""float64"", ""float64"", ""float64"", ""float64"", ""float64"", ""float64"", ""float64"", ""float64"", ""float64"", ""float64"", ""float64"", ""float64"", ""float64"", ""float64"", ""float64"", ""float64"", ""float64""]",3919e4b949909e46cbe5d402c9190f8ffb6a80606ff4dedf1ac25ba9a3aa4dd0,[],[],,,,,data/raw/stock_financial_abstract/run_id=62bbe9df-6ed8-48d5-a06b-10fb90171ee0/symbol=000100/data.parquet,,,,,1,WARN,1,0,0.523313
62bbe9df-6ed8-48d5-a06b-10fb90171ee0,stock_financial_analysis_indicator:000100,financial_indicator,stock_financial_analysis_indicator,000100,SZ,000100,SZ000100,sz,"{""start_year"":""2021"",""symbol"":""000100""}",2026-07-29T14:52:36.063521+08:00,2026-07-29T14:52:36.224062+08:00,2026-07-29T14:52:36.224062+08:00,2026-07-27,2021,1.18.80,3.11.4,failed,0,0,[],[],,[],[],,,,,,invalid_parameter,[Errno 22] Invalid argument,OSError,,1,ERROR,0,1,0.160541
62bbe9df-6ed8-48d5-a06b-10fb90171ee0,stock_balance_sheet_by_report_em:000100,balance_sheet_report,stock_balance_sheet_by_report_em,000100,SZ,000100,SZ000100,sz,"{""symbol"":""SZ000100""}",2026-07-29T14:52:36.524538+08:00,2026-07-29T14:52:37.277892+08:00,2026-07-29T14:52:37.277892+08:00,2026-07-27,2021,1.18.80,3.11.4,failed,0,0,[],[],,[],[],,,,,,invalid_parameter,[Errno 22] Invalid argument,OSError,,1,ERROR,0,1,0.753354
62bbe9df-6ed8-48d5-a06b-10fb90171ee0,stock_profit_sheet_by_report_em:000100,profit_sheet_report,stock_profit_sheet_by_report_em,000100,SZ,000100,SZ000100,sz,"{""symbol"":""SZ000100""}",2026-07-29T14:52:37.578587+08:00,2026-07-29T14:52:37.880377+08:00,2026-07-29T14:52:37.880377+08:00,2026-07-27,2021,1.18.80,3.11.4,failed,0,0,[],[],,[],[],,,,,,invalid_parameter,[Errno 22] Invalid argument,OSError,,1,ERROR,0,1,0.30179
62bbe9df-6ed8-48d5-a06b-10fb90171ee0,stock_cash_flow_sheet_by_report_em:000100,cashflow_sheet_report,stock_cash_flow_sheet_by_report_em,000100,SZ,000100,SZ000100,sz,"{""symbol"":""SZ000100""}",2026-07-29T14:52:38.182765+08:00,2026-07-29T14:52:38.517536+08:00,2026-07-29T14:52:38.517536+08:00,2026-07-27,2021,1.18.80,3.11.4,failed,0,0,[],[],,[],[],,,,,,invalid_parameter,[Errno 22] Invalid argument,OSError,,1,ERROR,0,1,0.334771
62bbe9df-6ed8-48d5-a06b-10fb90171ee0,stock_individual_fund_flow:000100,individual_fund_flow,stock_individual_fund_flow,000100,SZ,000100,SZ000100,sz,"{""market"":""sz"",""stock"":""000100""}",2026-07-29T14:52:38.818321+08:00,2026-07-29T14:52:38.984986+08:00,2026-07-29T14:52:38.984986+08:00,2026-07-27,2021,1.18.80,3.11.4,success,120,13,"[""日期"", ""收盘价"", ""涨跌幅"", ""主力净流入-净额"", ""主力净流入-净占比"", ""超大单净流入-净额"", ""超大单净流入-净占比"", ""大单净流入-净额"", ""大单净流入-净占比"", ""中单净流入-净额"", ""中单净流入-净占比"", ""小单净流入-净额"", ""小单净流入-净占比""]","[""object"", ""float64"", ""float64"", ""float64"", ""float64"", ""float64"", ""float64"", ""float64"", ""float64"", ""float64"", ""float64"", ""float64"", ""float64""]",39d19586f5d6277813b28052087763de97377a167acdb5bcedfce9c2de3c7627,[],[],,,,,data/raw/stock_individual_fund_flow/run_id=62bbe9df-6ed8-48d5-a06b-10fb90171ee0/symbol=000100/data.parquet,,,,,1,PASS,0,0,0.166665
62bbe9df-6ed8-48d5-a06b-10fb90171ee0,stock_financial_abstract:300433,financial_abstract,stock_financial_abstract,300433,SZ,300433,SZ300433,sz,"{""symbol"":""300433""}",2026-07-29T14:52:39.291728+08:00,2026-07-29T14:52:39.686541+08:00,2026-07-29T14:52:39.686541+08:00,2026-07-27,2021,1.18.80,3.11.4,success,80,54,"[""选项"", ""指标"", ""20260331"", ""20251231"", ""20250930"", ""20250630"", ""20250331"", ""20241231"", ""20240930"", ""20240630"", ""20240331"", ""20231231"", ""20230930"", ""20230630"", ""20230331"", ""20221231"", ""20220930"", ""20220630"", ""20220331"", ""20211231"", ""20210930"", ""20210630"", ""20210331"", ""20201231"", ""20200930"", ""20200630"", ""20200331"", ""20191231"", ""20190930"", ""20190630"", ""20190331"", ""20181231"", ""20180930"", ""20180630"", ""20180331"", ""20171231"", ""20170930"", ""20170630"", ""20170331"", ""20161231"", ""20160930"", ""20160630"", ""20160331"", ""20151231"", ""20150930"", ""20150630"", ""20150331"", ""20141231"", ""20140930"", ""20140630"", ""20140331"", ""20131231"", ""20121231"", ""20111231""]","[""str"", ""str"", ""float64"", ""float64"", ""float64"", ""float64"", ""float64"", ""float64"", ""float64"", ""float64"", ""float64"", ""float64"", ""float64"", ""float64"", ""float64"", ""float64"", ""float64"", ""float64"", ""float64"", ""float64"", ""float64"", ""float64"", ""float64"", ""float64"", ""float64"", ""float64"", ""float64"", ""float64"", ""float64"", ""float64"", ""float64"", ""float64"", ""float64"", ""float64"", ""float64"", ""float64"", ""float64"", ""float64"", ""float64"", ""float64"", ""float64"", ""float64"", ""float64"", ""float64"", ""float64"", ""float64"", ""float64"", ""float64"", ""float64"", ""float64"", ""float64"", ""float64"", ""float64"", ""float64""]",9e71c641c96b98c12dbabf1de44a0357b3d0fa8bfee1e2e0cff57358f46f2b83,[],[],,,,,data/raw/stock_financial_abstract/run_id=62bbe9df-6ed8-48d5-a06b-10fb90171ee0/symbol=300433/data.parquet,,,,,1,WARN,1,0,0.394813
62bbe9df-6ed8-48d5-a06b-10fb90171ee0,stock_financial_analysis_indicator:300433,financial_indicator,stock_financial_analysis_indicator,300433,SZ,300433,SZ300433,sz,"{""start_year"":""2021"",""symbol"":""300433""}",2026-07-29T14:52:39.996566+08:00,2026-07-29T14:52:40.158739+08:00,2026-07-29T14:52:40.158739+08:00,2026-07-27,2021,1.18.80,3.11.4,failed,0,0,[],[],,[],[],,,,,,invalid_parameter,[Errno 22] Invalid argument,OSError,,1,ERROR,0,1,0.162173
62bbe9df-6ed8-48d5-a06b-10fb90171ee0,stock_balance_sheet_by_report_em:300433,balance_sheet_report,stock_balance_sheet_by_report_em,300433,SZ,300433,SZ300433,sz,"{""symbol"":""SZ300433""}",2026-07-29T14:52:40.459575+08:00,2026-07-29T14:52:41.127129+08:00,2026-07-29T14:52:41.127129+08:00,2026-07-27,2021,1.18.80,3.11.4,failed,0,0,[],[],,[],[],,,,,,invalid_parameter,[Errno 22] Invalid argument,OSError,,1,ERROR,0,1,0.667554
62bbe9df-6ed8-48d5-a06b-10fb90171ee0,stock_profit_sheet_by_report_em:300433,profit_sheet_report,stock_profit_sheet_by_report_em,300433,SZ,300433,SZ300433,sz,"{""symbol"":""SZ300433""}",2026-07-29T14:52:41.428340+08:00,2026-07-29T14:52:41.688415+08:00,2026-07-29T14:52:41.688415+08:00,2026-07-27,2021,1.18.80,3.11.4,failed,0,0,[],[],,[],[],,,,,,invalid_parameter,[Errno 22] Invalid argument,OSError,,1,ERROR,0,1,0.260075
62bbe9df-6ed8-48d5-a06b-10fb90171ee0,stock_cash_flow_sheet_by_report_em:300433,cashflow_sheet_report,stock_cash_flow_sheet_by_report_em,300433,SZ,300433,SZ300433,sz,"{""symbol"":""SZ300433""}",2026-07-29T14:52:41.989167+08:00,2026-07-29T14:52:42.397148+08:00,2026-07-29T14:52:42.397148+08:00,2026-07-27,2021,1.18.80,3.11.4,failed,0,0,[],[],,[],[],,,,,,invalid_parameter,[Errno 22] Invalid argument,OSError,,1,ERROR,0,1,0.407981
62bbe9df-6ed8-48d5-a06b-10fb90171ee0,stock_individual_fund_flow:300433,individual_fund_flow,stock_individual_fund_flow,300433,SZ,300433,SZ300433,sz,"{""market"":""sz"",""stock"":""300433""}",2026-07-29T14:52:42.697678+08:00,2026-07-29T14:52:42.909762+08:00,2026-07-29T14:52:42.909762+08:00,2026-07-27,2021,1.18.80,3.11.4,success,120,13,"[""日期"", ""收盘价"", ""涨跌幅"", ""主力净流入-净额"", ""主力净流入-净占比"", ""超大单净流入-净额"", ""超大单净流入-净占比"", ""大单净流入-净额"", ""大单净流入-净占比"", ""中单净流入-净额"", ""中单净流入-净占比"", ""小单净流入-净额"", ""小单净流入-净占比""]","[""object"", ""float64"", ""float64"", ""float64"", ""float64"", ""float64"", ""float64"", ""float64"", ""float64"", ""float64"", ""float64"", ""float64"", ""float64""]",39d19586f5d6277813b28052087763de97377a167acdb5bcedfce9c2de3c7627,[],[],,,,,data/raw/stock_individual_fund_flow/run_id=62bbe9df-6ed8-48d5-a06b-10fb90171ee0/symbol=300433/data.parquet,,,,,1,PASS,0,0,0.212084
