dataset_id,kind,symbol,market,adjust,interval,status,quality_status,row_count,min_value,max_value,listing_date,coverage_status,error_type,error_message,source,interface,attempt_count,selected_source,selection_reason,trigger_reason,blocker_category,selected_provider,selected_interface,provider_attempts,quality_result,coverage_result,requested_response_keys,used_response_keys,response_field_fallback,qfq_hfq_identical,data_path,metadata_path
profile:002067,equity_profile,002067,A,,,success,PASS,1,,,2006-09-15,,,,,,0,,,,,,,,,,,,,,data/raw/stage17/equity_profile/run_id=68dcbbe5-e065-4737-8688-f909d9f74dc9/market=A/symbol=002067/data.parquet,data/raw/stage17/equity_profile/run_id=68dcbbe5-e065-4737-8688-f909d9f74dc9/market=A/symbol=002067/metadata.json
profile:002600,equity_profile,002600,A,,,success,PASS,1,,,2011-07-15,,,,,,0,,,,,,,,,,,,,,data/raw/stage17/equity_profile/run_id=68dcbbe5-e065-4737-8688-f909d9f74dc9/market=A/symbol=002600/data.parquet,data/raw/stage17/equity_profile/run_id=68dcbbe5-e065-4737-8688-f909d9f74dc9/market=A/symbol=002600/metadata.json
profile:002230,equity_profile,002230,A,,,success,PASS,1,,,2008-05-12,,,,,,0,,,,,,,,,,,,,,data/raw/stage17/equity_profile/run_id=68dcbbe5-e065-4737-8688-f909d9f74dc9/market=A/symbol=002230/data.parquet,data/raw/stage17/equity_profile/run_id=68dcbbe5-e065-4737-8688-f909d9f74dc9/market=A/symbol=002230/metadata.json
profile:600763,equity_profile,600763,A,,,success,PASS,1,,,1996-10-30,,,,,,0,,,,,,,,,,,,,,data/raw/stage17/equity_profile/run_id=68dcbbe5-e065-4737-8688-f909d9f74dc9/market=A/symbol=600763/data.parquet,data/raw/stage17/equity_profile/run_id=68dcbbe5-e065-4737-8688-f909d9f74dc9/market=A/symbol=600763/metadata.json
profile:603259,equity_profile,603259,A,,,success,PASS,1,,,2018-05-08,,,,,,0,,,,,,,,,,,,,,data/raw/stage17/equity_profile/run_id=68dcbbe5-e065-4737-8688-f909d9f74dc9/market=A/symbol=603259/data.parquet,data/raw/stage17/equity_profile/run_id=68dcbbe5-e065-4737-8688-f909d9f74dc9/market=A/symbol=603259/metadata.json
profile:603799,equity_profile,603799,A,,,success,PASS,1,,,2015-01-29,,,,,,0,,,,,,,,,,,,,,data/raw/stage17/equity_profile/run_id=68dcbbe5-e065-4737-8688-f909d9f74dc9/market=A/symbol=603799/data.parquet,data/raw/stage17/equity_profile/run_id=68dcbbe5-e065-4737-8688-f909d9f74dc9/market=A/symbol=603799/metadata.json
profile:601012,equity_profile,601012,A,,,success,PASS,1,,,2012-04-11,,,,,,0,,,,,,,,,,,,,,data/raw/stage17/equity_profile/run_id=68dcbbe5-e065-4737-8688-f909d9f74dc9/market=A/symbol=601012/data.parquet,data/raw/stage17/equity_profile/run_id=68dcbbe5-e065-4737-8688-f909d9f74dc9/market=A/symbol=601012/metadata.json
profile:600438,equity_profile,600438,A,,,success,PASS,1,,,2004-03-02,,,,,,0,,,,,,,,,,,,,,data/raw/stage17/equity_profile/run_id=68dcbbe5-e065-4737-8688-f909d9f74dc9/market=A/symbol=600438/data.parquet,data/raw/stage17/equity_profile/run_id=68dcbbe5-e065-4737-8688-f909d9f74dc9/market=A/symbol=600438/metadata.json
profile:002361,equity_profile,002361,A,,,success,PASS,1,,,2010-03-03,,,,,,0,,,,,,,,,,,,,,data/raw/stage17/equity_profile/run_id=68dcbbe5-e065-4737-8688-f909d9f74dc9/market=A/symbol=002361/data.parquet,data/raw/stage17/equity_profile/run_id=68dcbbe5-e065-4737-8688-f909d9f74dc9/market=A/symbol=002361/metadata.json
profile:601500,equity_profile,601500,A,,,success,PASS,1,,,2016-09-19,,,,,,0,,,,,,,,,,,,,,data/raw/stage17/equity_profile/run_id=68dcbbe5-e065-4737-8688-f909d9f74dc9/market=A/symbol=601500/data.parquet,data/raw/stage17/equity_profile/run_id=68dcbbe5-e065-4737-8688-f909d9f74dc9/market=A/symbol=601500/metadata.json
profile:600231,equity_profile,600231,A,,,success,PASS,1,,,2000-05-11,,,,,,0,,,,,,,,,,,,,,data/raw/stage17/equity_profile/run_id=68dcbbe5-e065-4737-8688-f909d9f74dc9/market=A/symbol=600231/data.parquet,data/raw/stage17/equity_profile/run_id=68dcbbe5-e065-4737-8688-f909d9f74dc9/market=A/symbol=600231/metadata.json
profile:300274,equity_profile,300274,A,,,success,PASS,1,,,2011-11-02,,,,,,0,,,,,,,,,,,,,,data/raw/stage17/equity_profile/run_id=68dcbbe5-e065-4737-8688-f909d9f74dc9/market=A/symbol=300274/data.parquet,data/raw/stage17/equity_profile/run_id=68dcbbe5-e065-4737-8688-f909d9f74dc9/market=A/symbol=300274/metadata.json
profile:601636,equity_profile,601636,A,,,success,PASS,1,,,2011-08-12,,,,,,0,,,,,,,,,,,,,,data/raw/stage17/equity_profile/run_id=68dcbbe5-e065-4737-8688-f909d9f74dc9/market=A/symbol=601636/data.parquet,data/raw/stage17/equity_profile/run_id=68dcbbe5-e065-4737-8688-f909d9f74dc9/market=A/symbol=601636/metadata.json
profile:002129,equity_profile,002129,A,,,success,PASS,1,,,2007-04-20,,,,,,0,,,,,,,,,,,,,,data/raw/stage17/equity_profile/run_id=68dcbbe5-e065-4737-8688-f909d9f74dc9/market=A/symbol=002129/data.parquet,data/raw/stage17/equity_profile/run_id=68dcbbe5-e065-4737-8688-f909d9f74dc9/market=A/symbol=002129/metadata.json
profile:000100,equity_profile,000100,A,,,success,PASS,1,,,2004-01-30,,,,,,0,,,,,,,,,,,,,,data/raw/stage17/equity_profile/run_id=68dcbbe5-e065-4737-8688-f909d9f74dc9/market=A/symbol=000100/data.parquet,data/raw/stage17/equity_profile/run_id=68dcbbe5-e065-4737-8688-f909d9f74dc9/market=A/symbol=000100/metadata.json
profile:300433,equity_profile,300433,A,,,success,PASS,1,,,2015-03-18,,,,,,0,,,,,,,,,,,,,,data/raw/stage17/equity_profile/run_id=68dcbbe5-e065-4737-8688-f909d9f74dc9/market=A/symbol=300433/data.parquet,data/raw/stage17/equity_profile/run_id=68dcbbe5-e065-4737-8688-f909d9f74dc9/market=A/symbol=300433/metadata.json
profile:02180.HK,equity_profile,02180.HK,HK,,,success,PASS,1,,,2019-07-10,,,,,,0,,,,,,,,,,,,,,data/raw/stage17/equity_profile/run_id=68dcbbe5-e065-4737-8688-f909d9f74dc9/market=HK/symbol=02180.HK/data.parquet,data/raw/stage17/equity_profile/run_id=68dcbbe5-e065-4737-8688-f909d9f74dc9/market=HK/symbol=02180.HK/metadata.json
profile:08365.HK,equity_profile,08365.HK,HK,,,success,PASS,1,,,2017-05-26,,,,,,0,,,,,,,,,,,,,,data/raw/stage17/equity_profile/run_id=68dcbbe5-e065-4737-8688-f909d9f74dc9/market=HK/symbol=08365.HK/data.parquet,data/raw/stage17/equity_profile/run_id=68dcbbe5-e065-4737-8688-f909d9f74dc9/market=HK/symbol=08365.HK/metadata.json
profile:08462.HK,equity_profile,08462.HK,HK,,,success,PASS,1,,,2017-07-17,,,,,,0,,,,,,,,,,,,,,data/raw/stage17/equity_profile/run_id=68dcbbe5-e065-4737-8688-f909d9f74dc9/market=HK/symbol=08462.HK/data.parquet,data/raw/stage17/equity_profile/run_id=68dcbbe5-e065-4737-8688-f909d9f74dc9/market=HK/symbol=08462.HK/metadata.json
profile:02076.HK,equity_profile,02076.HK,HK,,,success,PASS,1,,,2022-12-22,,,,,,0,,,,,,,,,,,,,,data/raw/stage17/equity_profile/run_id=68dcbbe5-e065-4737-8688-f909d9f74dc9/market=HK/symbol=02076.HK/data.parquet,data/raw/stage17/equity_profile/run_id=68dcbbe5-e065-4737-8688-f909d9f74dc9/market=HK/symbol=02076.HK/metadata.json
profile:06100.HK,equity_profile,06100.HK,HK,,,success,PASS,1,,,2018-06-29,,,,,,0,,,,,,,,,,,,,,data/raw/stage17/equity_profile/run_id=68dcbbe5-e065-4737-8688-f909d9f74dc9/market=HK/symbol=06100.HK/data.parquet,data/raw/stage17/equity_profile/run_id=68dcbbe5-e065-4737-8688-f909d9f74dc9/market=HK/symbol=06100.HK/metadata.json
profile:06919.HK,equity_profile,06919.HK,HK,,,success,PASS,1,,,2019-12-13,,,,,,0,,,,,,,,,,,,,,data/raw/stage17/equity_profile/run_id=68dcbbe5-e065-4737-8688-f909d9f74dc9/market=HK/symbol=06919.HK/data.parquet,data/raw/stage17/equity_profile/run_id=68dcbbe5-e065-4737-8688-f909d9f74dc9/market=HK/symbol=06919.HK/metadata.json
profile:09669.HK,equity_profile,09669.HK,HK,,,success,PASS,1,,,2023-04-13,,,,,,0,,,,,,,,,,,,,,data/raw/stage17/equity_profile/run_id=68dcbbe5-e065-4737-8688-f909d9f74dc9/market=HK/symbol=09669.HK/data.parquet,data/raw/stage17/equity_profile/run_id=68dcbbe5-e065-4737-8688-f909d9f74dc9/market=HK/symbol=09669.HK/metadata.json
daily:002067:raw:attempt:eastmoney,equity_daily_attempt,002067,A,raw,,failed,NOT_RUN,0,,,2006-09-15,history_unavailable,connection_error,"HTTPSConnectionPool(host='push2his.eastmoney.com', port=443): Max retries exceeded with url: /api/qt/stock/kline/get?fields1=f1%2Cf2%2Cf3%2Cf4%2Cf5%2Cf6&fields2=f51%2Cf52%2Cf53%2Cf54%2Cf55%2Cf56%2Cf57%2Cf58%2Cf59%2Cf60%2Cf61%2Cf116&ut=7eea3",eastmoney,stock_zh_a_hist,3,,primary_connection_error;fallback_passed_strict_checks,,connection_failure,,,,,,,,,,,
daily:002067:raw,equity_daily,002067,A,raw,,success,PASS,4808,2006-09-15,2026-08-24,2006-09-15,complete_to_verified_listing_date,,,sina,stock_zh_a_daily,1,sina,primary_connection_error;fallback_passed_strict_checks,connection_error,,,,,,,,,,,data/raw/stage17/equity_daily/run_id=68dcbbe5-e065-4737-8688-f909d9f74dc9/market=A/symbol=002067/adjust=raw/source=sina/data.parquet,data/raw/stage17/equity_daily/run_id=68dcbbe5-e065-4737-8688-f909d9f74dc9/market=A/symbol=002067/adjust=raw/source=sina/metadata.json
daily:002067:qfq:attempt:eastmoney,equity_daily_attempt,002067,A,qfq,,failed,NOT_RUN,0,,,2006-09-15,history_unavailable,connection_error,"HTTPSConnectionPool(host='push2his.eastmoney.com', port=443): Max retries exceeded with url: /api/qt/stock/kline/get?fields1=f1%2Cf2%2Cf3%2Cf4%2Cf5%2Cf6&fields2=f51%2Cf52%2Cf53%2Cf54%2Cf55%2Cf56%2Cf57%2Cf58%2Cf59%2Cf60%2Cf61%2Cf116&ut=7eea3",eastmoney,stock_zh_a_hist,3,,primary_connection_error;fallback_passed_strict_checks,,connection_failure,,,,,,,,,,,
daily:002067:qfq,equity_daily,002067,A,qfq,,success,PASS,4808,2006-09-15,2026-08-24,2006-09-15,complete_to_verified_listing_date,,,sina,stock_zh_a_daily,1,sina,primary_connection_error;fallback_passed_strict_checks,connection_error,,,,,,,,,,,data/raw/stage17/equity_daily/run_id=68dcbbe5-e065-4737-8688-f909d9f74dc9/market=A/symbol=002067/adjust=qfq/source=sina/data.parquet,data/raw/stage17/equity_daily/run_id=68dcbbe5-e065-4737-8688-f909d9f74dc9/market=A/symbol=002067/adjust=qfq/source=sina/metadata.json
daily:002067:hfq:attempt:eastmoney,equity_daily_attempt,002067,A,hfq,,failed,NOT_RUN,0,,,2006-09-15,history_unavailable,connection_error,"HTTPSConnectionPool(host='push2his.eastmoney.com', port=443): Max retries exceeded with url: /api/qt/stock/kline/get?fields1=f1%2Cf2%2Cf3%2Cf4%2Cf5%2Cf6&fields2=f51%2Cf52%2Cf53%2Cf54%2Cf55%2Cf56%2Cf57%2Cf58%2Cf59%2Cf60%2Cf61%2Cf116&ut=7eea3",eastmoney,stock_zh_a_hist,3,,primary_connection_error;fallback_passed_strict_checks,,connection_failure,,,,,,,,,,,
daily:002067:hfq,equity_daily,002067,A,hfq,,success,PASS,4808,2006-09-15,2026-08-24,2006-09-15,complete_to_verified_listing_date,,,sina,stock_zh_a_daily,1,sina,primary_connection_error;fallback_passed_strict_checks,connection_error,,,,,,,,,,,data/raw/stage17/equity_daily/run_id=68dcbbe5-e065-4737-8688-f909d9f74dc9/market=A/symbol=002067/adjust=hfq/source=sina/data.parquet,data/raw/stage17/equity_daily/run_id=68dcbbe5-e065-4737-8688-f909d9f74dc9/market=A/symbol=002067/adjust=hfq/source=sina/metadata.json
daily:002600:raw,equity_daily,002600,A,raw,,success,PASS,3414,2011-07-15,2026-08-24,2011-07-15,complete_to_verified_listing_date,,,eastmoney,stock_zh_a_hist,1,eastmoney,primary_passed,,,,,,,,,,,,data/raw/stage17/equity_daily/run_id=68dcbbe5-e065-4737-8688-f909d9f74dc9/market=A/symbol=002600/adjust=raw/source=eastmoney/data.parquet,data/raw/stage17/equity_daily/run_id=68dcbbe5-e065-4737-8688-f909d9f74dc9/market=A/symbol=002600/adjust=raw/source=eastmoney/metadata.json
daily:002600:qfq,equity_daily,002600,A,qfq,,success,PASS,3414,2011-07-15,2026-08-24,2011-07-15,complete_to_verified_listing_date,,,eastmoney,stock_zh_a_hist,3,eastmoney,primary_passed,,,,,,,,,,,,data/raw/stage17/equity_daily/run_id=68dcbbe5-e065-4737-8688-f909d9f74dc9/market=A/symbol=002600/adjust=qfq/source=eastmoney/data.parquet,data/raw/stage17/equity_daily/run_id=68dcbbe5-e065-4737-8688-f909d9f74dc9/market=A/symbol=002600/adjust=qfq/source=eastmoney/metadata.json
daily:002600:hfq:attempt:eastmoney,equity_daily_attempt,002600,A,hfq,,failed,NOT_RUN,0,,,2011-07-15,history_unavailable,connection_error,"HTTPSConnectionPool(host='push2his.eastmoney.com', port=443): Max retries exceeded with url: /api/qt/stock/kline/get?fields1=f1%2Cf2%2Cf3%2Cf4%2Cf5%2Cf6&fields2=f51%2Cf52%2Cf53%2Cf54%2Cf55%2Cf56%2Cf57%2Cf58%2Cf59%2Cf60%2Cf61%2Cf116&ut=7eea3",eastmoney,stock_zh_a_hist,3,,primary_connection_error;fallback_passed_strict_checks,,connection_failure,,,,,,,,,,,
daily:002600:hfq,equity_daily,002600,A,hfq,,success,PASS,3414,2011-07-15,2026-08-24,2011-07-15,complete_to_verified_listing_date,,,sina,stock_zh_a_daily,1,sina,primary_connection_error;fallback_passed_strict_checks,connection_error,,,,,,,,,,,data/raw/stage17/equity_daily/run_id=68dcbbe5-e065-4737-8688-f909d9f74dc9/market=A/symbol=002600/adjust=hfq/source=sina/data.parquet,data/raw/stage17/equity_daily/run_id=68dcbbe5-e065-4737-8688-f909d9f74dc9/market=A/symbol=002600/adjust=hfq/source=sina/metadata.json
daily:002230:raw:attempt:eastmoney,equity_daily_attempt,002230,A,raw,,failed,NOT_RUN,0,,,2008-05-12,history_unavailable,connection_error,"HTTPSConnectionPool(host='push2his.eastmoney.com', port=443): Max retries exceeded with url: /api/qt/stock/kline/get?fields1=f1%2Cf2%2Cf3%2Cf4%2Cf5%2Cf6&fields2=f51%2Cf52%2Cf53%2Cf54%2Cf55%2Cf56%2Cf57%2Cf58%2Cf59%2Cf60%2Cf61%2Cf116&ut=7eea3",eastmoney,stock_zh_a_hist,3,,primary_connection_error;fallback_passed_strict_checks,,connection_failure,,,,,,,,,,,
daily:002230:raw,equity_daily,002230,A,raw,,success,PASS,4357,2008-05-12,2026-08-24,2008-05-12,complete_to_verified_listing_date,,,sina,stock_zh_a_daily,1,sina,primary_connection_error;fallback_passed_strict_checks,connection_error,,,,,,,,,,,data/raw/stage17/equity_daily/run_id=68dcbbe5-e065-4737-8688-f909d9f74dc9/market=A/symbol=002230/adjust=raw/source=sina/data.parquet,data/raw/stage17/equity_daily/run_id=68dcbbe5-e065-4737-8688-f909d9f74dc9/market=A/symbol=002230/adjust=raw/source=sina/metadata.json
daily:002230:qfq:attempt:eastmoney,equity_daily_attempt,002230,A,qfq,,failed,NOT_RUN,0,,,2008-05-12,history_unavailable,connection_error,"HTTPSConnectionPool(host='push2his.eastmoney.com', port=443): Max retries exceeded with url: /api/qt/stock/kline/get?fields1=f1%2Cf2%2Cf3%2Cf4%2Cf5%2Cf6&fields2=f51%2Cf52%2Cf53%2Cf54%2Cf55%2Cf56%2Cf57%2Cf58%2Cf59%2Cf60%2Cf61%2Cf116&ut=7eea3",eastmoney,stock_zh_a_hist,3,,primary_connection_error;fallback_passed_strict_checks,,connection_failure,,,,,,,,,,,
daily:002230:qfq,equity_daily,002230,A,qfq,,success,PASS,4357,2008-05-12,2026-08-24,2008-05-12,complete_to_verified_listing_date,,,sina,stock_zh_a_daily,1,sina,primary_connection_error;fallback_passed_strict_checks,connection_error,,,,,,,,,,,data/raw/stage17/equity_daily/run_id=68dcbbe5-e065-4737-8688-f909d9f74dc9/market=A/symbol=002230/adjust=qfq/source=sina/data.parquet,data/raw/stage17/equity_daily/run_id=68dcbbe5-e065-4737-8688-f909d9f74dc9/market=A/symbol=002230/adjust=qfq/source=sina/metadata.json
daily:002230:hfq:attempt:eastmoney,equity_daily_attempt,002230,A,hfq,,failed,NOT_RUN,0,,,2008-05-12,history_unavailable,connection_error,"HTTPSConnectionPool(host='push2his.eastmoney.com', port=443): Max retries exceeded with url: /api/qt/stock/kline/get?fields1=f1%2Cf2%2Cf3%2Cf4%2Cf5%2Cf6&fields2=f51%2Cf52%2Cf53%2Cf54%2Cf55%2Cf56%2Cf57%2Cf58%2Cf59%2Cf60%2Cf61%2Cf116&ut=7eea3",eastmoney,stock_zh_a_hist,3,,primary_connection_error;fallback_passed_strict_checks,,connection_failure,,,,,,,,,,,
daily:002230:hfq,equity_daily,002230,A,hfq,,success,PASS,4357,2008-05-12,2026-08-24,2008-05-12,complete_to_verified_listing_date,,,sina,stock_zh_a_daily,1,sina,primary_connection_error;fallback_passed_strict_checks,connection_error,,,,,,,,,,,data/raw/stage17/equity_daily/run_id=68dcbbe5-e065-4737-8688-f909d9f74dc9/market=A/symbol=002230/adjust=hfq/source=sina/data.parquet,data/raw/stage17/equity_daily/run_id=68dcbbe5-e065-4737-8688-f909d9f74dc9/market=A/symbol=002230/adjust=hfq/source=sina/metadata.json
daily:600763:raw:attempt:eastmoney,equity_daily_attempt,600763,A,raw,,failed,NOT_RUN,0,,,1996-10-30,history_unavailable,connection_error,"HTTPSConnectionPool(host='push2his.eastmoney.com', port=443): Max retries exceeded with url: /api/qt/stock/kline/get?fields1=f1%2Cf2%2Cf3%2Cf4%2Cf5%2Cf6&fields2=f51%2Cf52%2Cf53%2Cf54%2Cf55%2Cf56%2Cf57%2Cf58%2Cf59%2Cf60%2Cf61%2Cf116&ut=7eea3",eastmoney,stock_zh_a_hist,3,,primary_connection_error;fallback_passed_strict_checks,,connection_failure,,,,,,,,,,,
daily:600763:raw,equity_daily,600763,A,raw,,success,PASS,6805,1996-10-30,2026-08-24,1996-10-30,complete_to_verified_listing_date,,,sina,stock_zh_a_daily,1,sina,primary_connection_error;fallback_passed_strict_checks,connection_error,,,,,,,,,,,data/raw/stage17/equity_daily/run_id=68dcbbe5-e065-4737-8688-f909d9f74dc9/market=A/symbol=600763/adjust=raw/source=sina/data.parquet,data/raw/stage17/equity_daily/run_id=68dcbbe5-e065-4737-8688-f909d9f74dc9/market=A/symbol=600763/adjust=raw/source=sina/metadata.json
daily:600763:qfq:attempt:eastmoney,equity_daily_attempt,600763,A,qfq,,failed,NOT_RUN,0,,,1996-10-30,history_unavailable,connection_error,"HTTPSConnectionPool(host='push2his.eastmoney.com', port=443): Max retries exceeded with url: /api/qt/stock/kline/get?fields1=f1%2Cf2%2Cf3%2Cf4%2Cf5%2Cf6&fields2=f51%2Cf52%2Cf53%2Cf54%2Cf55%2Cf56%2Cf57%2Cf58%2Cf59%2Cf60%2Cf61%2Cf116&ut=7eea3",eastmoney,stock_zh_a_hist,3,,primary_connection_error;fallback_passed_strict_checks,,connection_failure,,,,,,,,,,,
daily:600763:qfq,equity_daily,600763,A,qfq,,success,PASS,6805,1996-10-30,2026-08-24,1996-10-30,complete_to_verified_listing_date,,,sina,stock_zh_a_daily,1,sina,primary_connection_error;fallback_passed_strict_checks,connection_error,,,,,,,,,,,data/raw/stage17/equity_daily/run_id=68dcbbe5-e065-4737-8688-f909d9f74dc9/market=A/symbol=600763/adjust=qfq/source=sina/data.parquet,data/raw/stage17/equity_daily/run_id=68dcbbe5-e065-4737-8688-f909d9f74dc9/market=A/symbol=600763/adjust=qfq/source=sina/metadata.json
daily:600763:hfq:attempt:eastmoney,equity_daily_attempt,600763,A,hfq,,failed,NOT_RUN,0,,,1996-10-30,history_unavailable,connection_error,"HTTPSConnectionPool(host='push2his.eastmoney.com', port=443): Max retries exceeded with url: /api/qt/stock/kline/get?fields1=f1%2Cf2%2Cf3%2Cf4%2Cf5%2Cf6&fields2=f51%2Cf52%2Cf53%2Cf54%2Cf55%2Cf56%2Cf57%2Cf58%2Cf59%2Cf60%2Cf61%2Cf116&ut=7eea3",eastmoney,stock_zh_a_hist,3,,primary_connection_error;fallback_passed_strict_checks,,connection_failure,,,,,,,,,,,
daily:600763:hfq,equity_daily,600763,A,hfq,,success,PASS,6805,1996-10-30,2026-08-24,1996-10-30,complete_to_verified_listing_date,,,sina,stock_zh_a_daily,1,sina,primary_connection_error;fallback_passed_strict_checks,connection_error,,,,,,,,,,,data/raw/stage17/equity_daily/run_id=68dcbbe5-e065-4737-8688-f909d9f74dc9/market=A/symbol=600763/adjust=hfq/source=sina/data.parquet,data/raw/stage17/equity_daily/run_id=68dcbbe5-e065-4737-8688-f909d9f74dc9/market=A/symbol=600763/adjust=hfq/source=sina/metadata.json
daily:603259:raw:attempt:eastmoney,equity_daily_attempt,603259,A,raw,,failed,NOT_RUN,0,,,2018-05-08,history_unavailable,connection_error,"HTTPSConnectionPool(host='push2his.eastmoney.com', port=443): Max retries exceeded with url: /api/qt/stock/kline/get?fields1=f1%2Cf2%2Cf3%2Cf4%2Cf5%2Cf6&fields2=f51%2Cf52%2Cf53%2Cf54%2Cf55%2Cf56%2Cf57%2Cf58%2Cf59%2Cf60%2Cf61%2Cf116&ut=7eea3",eastmoney,stock_zh_a_hist,3,,primary_connection_error;fallback_passed_strict_checks,,connection_failure,,,,,,,,,,,
daily:603259:raw,equity_daily,603259,A,raw,,success,PASS,2016,2018-05-08,2026-08-24,2018-05-08,complete_to_verified_listing_date,,,sina,stock_zh_a_daily,1,sina,primary_connection_error;fallback_passed_strict_checks,connection_error,,,,,,,,,,,data/raw/stage17/equity_daily/run_id=68dcbbe5-e065-4737-8688-f909d9f74dc9/market=A/symbol=603259/adjust=raw/source=sina/data.parquet,data/raw/stage17/equity_daily/run_id=68dcbbe5-e065-4737-8688-f909d9f74dc9/market=A/symbol=603259/adjust=raw/source=sina/metadata.json
daily:603259:qfq:attempt:eastmoney,equity_daily_attempt,603259,A,qfq,,failed,NOT_RUN,0,,,2018-05-08,history_unavailable,connection_error,"HTTPSConnectionPool(host='push2his.eastmoney.com', port=443): Max retries exceeded with url: /api/qt/stock/kline/get?fields1=f1%2Cf2%2Cf3%2Cf4%2Cf5%2Cf6&fields2=f51%2Cf52%2Cf53%2Cf54%2Cf55%2Cf56%2Cf57%2Cf58%2Cf59%2Cf60%2Cf61%2Cf116&ut=7eea3",eastmoney,stock_zh_a_hist,3,,primary_connection_error;fallback_passed_strict_checks,,connection_failure,,,,,,,,,,,
daily:603259:qfq,equity_daily,603259,A,qfq,,success,PASS,2016,2018-05-08,2026-08-24,2018-05-08,complete_to_verified_listing_date,,,sina,stock_zh_a_daily,1,sina,primary_connection_error;fallback_passed_strict_checks,connection_error,,,,,,,,,,,data/raw/stage17/equity_daily/run_id=68dcbbe5-e065-4737-8688-f909d9f74dc9/market=A/symbol=603259/adjust=qfq/source=sina/data.parquet,data/raw/stage17/equity_daily/run_id=68dcbbe5-e065-4737-8688-f909d9f74dc9/market=A/symbol=603259/adjust=qfq/source=sina/metadata.json
daily:603259:hfq:attempt:eastmoney,equity_daily_attempt,603259,A,hfq,,failed,NOT_RUN,0,,,2018-05-08,history_unavailable,connection_error,"HTTPSConnectionPool(host='push2his.eastmoney.com', port=443): Max retries exceeded with url: /api/qt/stock/kline/get?fields1=f1%2Cf2%2Cf3%2Cf4%2Cf5%2Cf6&fields2=f51%2Cf52%2Cf53%2Cf54%2Cf55%2Cf56%2Cf57%2Cf58%2Cf59%2Cf60%2Cf61%2Cf116&ut=7eea3",eastmoney,stock_zh_a_hist,3,,primary_connection_error;fallback_passed_strict_checks,,connection_failure,,,,,,,,,,,
daily:603259:hfq,equity_daily,603259,A,hfq,,success,PASS,2016,2018-05-08,2026-08-24,2018-05-08,complete_to_verified_listing_date,,,sina,stock_zh_a_daily,1,sina,primary_connection_error;fallback_passed_strict_checks,connection_error,,,,,,,,,,,data/raw/stage17/equity_daily/run_id=68dcbbe5-e065-4737-8688-f909d9f74dc9/market=A/symbol=603259/adjust=hfq/source=sina/data.parquet,data/raw/stage17/equity_daily/run_id=68dcbbe5-e065-4737-8688-f909d9f74dc9/market=A/symbol=603259/adjust=hfq/source=sina/metadata.json
daily:603799:raw:attempt:eastmoney,equity_daily_attempt,603799,A,raw,,failed,NOT_RUN,0,,,2015-01-29,history_unavailable,connection_error,"HTTPSConnectionPool(host='push2his.eastmoney.com', port=443): Max retries exceeded with url: /api/qt/stock/kline/get?fields1=f1%2Cf2%2Cf3%2Cf4%2Cf5%2Cf6&fields2=f51%2Cf52%2Cf53%2Cf54%2Cf55%2Cf56%2Cf57%2Cf58%2Cf59%2Cf60%2Cf61%2Cf116&ut=7eea3",eastmoney,stock_zh_a_hist,3,,primary_connection_error;fallback_passed_strict_checks,,connection_failure,,,,,,,,,,,
daily:603799:raw,equity_daily,603799,A,raw,,success,PASS,2777,2015-01-29,2026-08-24,2015-01-29,complete_to_verified_listing_date,,,sina,stock_zh_a_daily,1,sina,primary_connection_error;fallback_passed_strict_checks,connection_error,,,,,,,,,,,data/raw/stage17/equity_daily/run_id=68dcbbe5-e065-4737-8688-f909d9f74dc9/market=A/symbol=603799/adjust=raw/source=sina/data.parquet,data/raw/stage17/equity_daily/run_id=68dcbbe5-e065-4737-8688-f909d9f74dc9/market=A/symbol=603799/adjust=raw/source=sina/metadata.json
daily:603799:qfq:attempt:eastmoney,equity_daily_attempt,603799,A,qfq,,failed,NOT_RUN,0,,,2015-01-29,history_unavailable,connection_error,"HTTPSConnectionPool(host='push2his.eastmoney.com', port=443): Max retries exceeded with url: /api/qt/stock/kline/get?fields1=f1%2Cf2%2Cf3%2Cf4%2Cf5%2Cf6&fields2=f51%2Cf52%2Cf53%2Cf54%2Cf55%2Cf56%2Cf57%2Cf58%2Cf59%2Cf60%2Cf61%2Cf116&ut=7eea3",eastmoney,stock_zh_a_hist,3,,primary_connection_error;fallback_passed_strict_checks,,connection_failure,,,,,,,,,,,
daily:603799:qfq,equity_daily,603799,A,qfq,,success,PASS,2777,2015-01-29,2026-08-24,2015-01-29,complete_to_verified_listing_date,,,sina,stock_zh_a_daily,1,sina,primary_connection_error;fallback_passed_strict_checks,connection_error,,,,,,,,,,,data/raw/stage17/equity_daily/run_id=68dcbbe5-e065-4737-8688-f909d9f74dc9/market=A/symbol=603799/adjust=qfq/source=sina/data.parquet,data/raw/stage17/equity_daily/run_id=68dcbbe5-e065-4737-8688-f909d9f74dc9/market=A/symbol=603799/adjust=qfq/source=sina/metadata.json
daily:603799:hfq:attempt:eastmoney,equity_daily_attempt,603799,A,hfq,,failed,NOT_RUN,0,,,2015-01-29,history_unavailable,connection_error,"HTTPSConnectionPool(host='push2his.eastmoney.com', port=443): Max retries exceeded with url: /api/qt/stock/kline/get?fields1=f1%2Cf2%2Cf3%2Cf4%2Cf5%2Cf6&fields2=f51%2Cf52%2Cf53%2Cf54%2Cf55%2Cf56%2Cf57%2Cf58%2Cf59%2Cf60%2Cf61%2Cf116&ut=7eea3",eastmoney,stock_zh_a_hist,3,,primary_connection_error;fallback_passed_strict_checks,,connection_failure,,,,,,,,,,,
daily:603799:hfq,equity_daily,603799,A,hfq,,success,PASS,2777,2015-01-29,2026-08-24,2015-01-29,complete_to_verified_listing_date,,,sina,stock_zh_a_daily,1,sina,primary_connection_error;fallback_passed_strict_checks,connection_error,,,,,,,,,,,data/raw/stage17/equity_daily/run_id=68dcbbe5-e065-4737-8688-f909d9f74dc9/market=A/symbol=603799/adjust=hfq/source=sina/data.parquet,data/raw/stage17/equity_daily/run_id=68dcbbe5-e065-4737-8688-f909d9f74dc9/market=A/symbol=603799/adjust=hfq/source=sina/metadata.json
daily:601012:raw:attempt:eastmoney,equity_daily_attempt,601012,A,raw,,failed,NOT_RUN,0,,,2012-04-11,history_unavailable,connection_error,"HTTPSConnectionPool(host='push2his.eastmoney.com', port=443): Max retries exceeded with url: /api/qt/stock/kline/get?fields1=f1%2Cf2%2Cf3%2Cf4%2Cf5%2Cf6&fields2=f51%2Cf52%2Cf53%2Cf54%2Cf55%2Cf56%2Cf57%2Cf58%2Cf59%2Cf60%2Cf61%2Cf116&ut=7eea3",eastmoney,stock_zh_a_hist,3,,primary_connection_error;fallback_passed_strict_checks,,connection_failure,,,,,,,,,,,
daily:601012:raw,equity_daily,601012,A,raw,,success,PASS,3452,2012-04-11,2026-08-24,2012-04-11,complete_to_verified_listing_date,,,sina,stock_zh_a_daily,1,sina,primary_connection_error;fallback_passed_strict_checks,connection_error,,,,,,,,,,,data/raw/stage17/equity_daily/run_id=68dcbbe5-e065-4737-8688-f909d9f74dc9/market=A/symbol=601012/adjust=raw/source=sina/data.parquet,data/raw/stage17/equity_daily/run_id=68dcbbe5-e065-4737-8688-f909d9f74dc9/market=A/symbol=601012/adjust=raw/source=sina/metadata.json
daily:601012:qfq:attempt:eastmoney,equity_daily_attempt,601012,A,qfq,,failed,NOT_RUN,0,,,2012-04-11,history_unavailable,connection_error,"HTTPSConnectionPool(host='push2his.eastmoney.com', port=443): Max retries exceeded with url: /api/qt/stock/kline/get?fields1=f1%2Cf2%2Cf3%2Cf4%2Cf5%2Cf6&fields2=f51%2Cf52%2Cf53%2Cf54%2Cf55%2Cf56%2Cf57%2Cf58%2Cf59%2Cf60%2Cf61%2Cf116&ut=7eea3",eastmoney,stock_zh_a_hist,3,,primary_connection_error;fallback_passed_strict_checks,,connection_failure,,,,,,,,,,,
daily:601012:qfq,equity_daily,601012,A,qfq,,success,PASS,3452,2012-04-11,2026-08-24,2012-04-11,complete_to_verified_listing_date,,,sina,stock_zh_a_daily,1,sina,primary_connection_error;fallback_passed_strict_checks,connection_error,,,,,,,,,,,data/raw/stage17/equity_daily/run_id=68dcbbe5-e065-4737-8688-f909d9f74dc9/market=A/symbol=601012/adjust=qfq/source=sina/data.parquet,data/raw/stage17/equity_daily/run_id=68dcbbe5-e065-4737-8688-f909d9f74dc9/market=A/symbol=601012/adjust=qfq/source=sina/metadata.json
daily:601012:hfq:attempt:eastmoney,equity_daily_attempt,601012,A,hfq,,failed,NOT_RUN,0,,,2012-04-11,history_unavailable,connection_error,"HTTPSConnectionPool(host='push2his.eastmoney.com', port=443): Max retries exceeded with url: /api/qt/stock/kline/get?fields1=f1%2Cf2%2Cf3%2Cf4%2Cf5%2Cf6&fields2=f51%2Cf52%2Cf53%2Cf54%2Cf55%2Cf56%2Cf57%2Cf58%2Cf59%2Cf60%2Cf61%2Cf116&ut=7eea3",eastmoney,stock_zh_a_hist,3,,primary_connection_error;fallback_passed_strict_checks,,connection_failure,,,,,,,,,,,
daily:601012:hfq,equity_daily,601012,A,hfq,,success,PASS,3452,2012-04-11,2026-08-24,2012-04-11,complete_to_verified_listing_date,,,sina,stock_zh_a_daily,1,sina,primary_connection_error;fallback_passed_strict_checks,connection_error,,,,,,,,,,,data/raw/stage17/equity_daily/run_id=68dcbbe5-e065-4737-8688-f909d9f74dc9/market=A/symbol=601012/adjust=hfq/source=sina/data.parquet,data/raw/stage17/equity_daily/run_id=68dcbbe5-e065-4737-8688-f909d9f74dc9/market=A/symbol=601012/adjust=hfq/source=sina/metadata.json
daily:600438:raw:attempt:eastmoney,equity_daily_attempt,600438,A,raw,,failed,NOT_RUN,0,,,2004-03-02,history_unavailable,connection_error,"HTTPSConnectionPool(host='push2his.eastmoney.com', port=443): Max retries exceeded with url: /api/qt/stock/kline/get?fields1=f1%2Cf2%2Cf3%2Cf4%2Cf5%2Cf6&fields2=f51%2Cf52%2Cf53%2Cf54%2Cf55%2Cf56%2Cf57%2Cf58%2Cf59%2Cf60%2Cf61%2Cf116&ut=7eea3",eastmoney,stock_zh_a_hist,3,,primary_connection_error;fallback_passed_strict_checks,,connection_failure,,,,,,,,,,,
daily:600438:raw,equity_daily,600438,A,raw,,success,PASS,5252,2004-03-02,2026-08-24,2004-03-02,complete_to_verified_listing_date,,,sina,stock_zh_a_daily,1,sina,primary_connection_error;fallback_passed_strict_checks,connection_error,,,,,,,,,,,data/raw/stage17/equity_daily/run_id=68dcbbe5-e065-4737-8688-f909d9f74dc9/market=A/symbol=600438/adjust=raw/source=sina/data.parquet,data/raw/stage17/equity_daily/run_id=68dcbbe5-e065-4737-8688-f909d9f74dc9/market=A/symbol=600438/adjust=raw/source=sina/metadata.json
daily:600438:qfq:attempt:eastmoney,equity_daily_attempt,600438,A,qfq,,failed,NOT_RUN,0,,,2004-03-02,history_unavailable,connection_error,"HTTPSConnectionPool(host='push2his.eastmoney.com', port=443): Max retries exceeded with url: /api/qt/stock/kline/get?fields1=f1%2Cf2%2Cf3%2Cf4%2Cf5%2Cf6&fields2=f51%2Cf52%2Cf53%2Cf54%2Cf55%2Cf56%2Cf57%2Cf58%2Cf59%2Cf60%2Cf61%2Cf116&ut=7eea3",eastmoney,stock_zh_a_hist,3,,primary_connection_error;fallback_passed_strict_checks,,connection_failure,,,,,,,,,,,
daily:600438:qfq,equity_daily,600438,A,qfq,,success,PASS,5252,2004-03-02,2026-08-24,2004-03-02,complete_to_verified_listing_date,,,sina,stock_zh_a_daily,1,sina,primary_connection_error;fallback_passed_strict_checks,connection_error,,,,,,,,,,,data/raw/stage17/equity_daily/run_id=68dcbbe5-e065-4737-8688-f909d9f74dc9/market=A/symbol=600438/adjust=qfq/source=sina/data.parquet,data/raw/stage17/equity_daily/run_id=68dcbbe5-e065-4737-8688-f909d9f74dc9/market=A/symbol=600438/adjust=qfq/source=sina/metadata.json
daily:600438:hfq:attempt:eastmoney,equity_daily_attempt,600438,A,hfq,,failed,NOT_RUN,0,,,2004-03-02,history_unavailable,connection_error,"HTTPSConnectionPool(host='push2his.eastmoney.com', port=443): Max retries exceeded with url: /api/qt/stock/kline/get?fields1=f1%2Cf2%2Cf3%2Cf4%2Cf5%2Cf6&fields2=f51%2Cf52%2Cf53%2Cf54%2Cf55%2Cf56%2Cf57%2Cf58%2Cf59%2Cf60%2Cf61%2Cf116&ut=7eea3",eastmoney,stock_zh_a_hist,3,,primary_connection_error;fallback_passed_strict_checks,,connection_failure,,,,,,,,,,,
daily:600438:hfq,equity_daily,600438,A,hfq,,success,PASS,5252,2004-03-02,2026-08-24,2004-03-02,complete_to_verified_listing_date,,,sina,stock_zh_a_daily,1,sina,primary_connection_error;fallback_passed_strict_checks,connection_error,,,,,,,,,,,data/raw/stage17/equity_daily/run_id=68dcbbe5-e065-4737-8688-f909d9f74dc9/market=A/symbol=600438/adjust=hfq/source=sina/data.parquet,data/raw/stage17/equity_daily/run_id=68dcbbe5-e065-4737-8688-f909d9f74dc9/market=A/symbol=600438/adjust=hfq/source=sina/metadata.json
daily:002361:raw:attempt:eastmoney,equity_daily_attempt,002361,A,raw,,failed,NOT_RUN,0,,,2010-03-03,history_unavailable,connection_error,"HTTPSConnectionPool(host='push2his.eastmoney.com', port=443): Max retries exceeded with url: /api/qt/stock/kline/get?fields1=f1%2Cf2%2Cf3%2Cf4%2Cf5%2Cf6&fields2=f51%2Cf52%2Cf53%2Cf54%2Cf55%2Cf56%2Cf57%2Cf58%2Cf59%2Cf60%2Cf61%2Cf116&ut=7eea3",eastmoney,stock_zh_a_hist,3,,primary_connection_error;fallback_passed_strict_checks,,connection_failure,,,,,,,,,,,
daily:002361:raw,equity_daily,002361,A,raw,,success,PASS,3900,2010-03-03,2026-08-24,2010-03-03,complete_to_verified_listing_date,,,sina,stock_zh_a_daily,1,sina,primary_connection_error;fallback_passed_strict_checks,connection_error,,,,,,,,,,,data/raw/stage17/equity_daily/run_id=68dcbbe5-e065-4737-8688-f909d9f74dc9/market=A/symbol=002361/adjust=raw/source=sina/data.parquet,data/raw/stage17/equity_daily/run_id=68dcbbe5-e065-4737-8688-f909d9f74dc9/market=A/symbol=002361/adjust=raw/source=sina/metadata.json
daily:002361:qfq:attempt:eastmoney,equity_daily_attempt,002361,A,qfq,,failed,NOT_RUN,0,,,2010-03-03,history_unavailable,connection_error,"HTTPSConnectionPool(host='push2his.eastmoney.com', port=443): Max retries exceeded with url: /api/qt/stock/kline/get?fields1=f1%2Cf2%2Cf3%2Cf4%2Cf5%2Cf6&fields2=f51%2Cf52%2Cf53%2Cf54%2Cf55%2Cf56%2Cf57%2Cf58%2Cf59%2Cf60%2Cf61%2Cf116&ut=7eea3",eastmoney,stock_zh_a_hist,3,,primary_connection_error;fallback_passed_strict_checks,,connection_failure,,,,,,,,,,,
daily:002361:qfq,equity_daily,002361,A,qfq,,success,PASS,3900,2010-03-03,2026-08-24,2010-03-03,complete_to_verified_listing_date,,,sina,stock_zh_a_daily,1,sina,primary_connection_error;fallback_passed_strict_checks,connection_error,,,,,,,,,,,data/raw/stage17/equity_daily/run_id=68dcbbe5-e065-4737-8688-f909d9f74dc9/market=A/symbol=002361/adjust=qfq/source=sina/data.parquet,data/raw/stage17/equity_daily/run_id=68dcbbe5-e065-4737-8688-f909d9f74dc9/market=A/symbol=002361/adjust=qfq/source=sina/metadata.json
daily:002361:hfq:attempt:eastmoney,equity_daily_attempt,002361,A,hfq,,failed,NOT_RUN,0,,,2010-03-03,history_unavailable,connection_error,"HTTPSConnectionPool(host='push2his.eastmoney.com', port=443): Max retries exceeded with url: /api/qt/stock/kline/get?fields1=f1%2Cf2%2Cf3%2Cf4%2Cf5%2Cf6&fields2=f51%2Cf52%2Cf53%2Cf54%2Cf55%2Cf56%2Cf57%2Cf58%2Cf59%2Cf60%2Cf61%2Cf116&ut=7eea3",eastmoney,stock_zh_a_hist,3,,primary_connection_error;fallback_passed_strict_checks,,connection_failure,,,,,,,,,,,
daily:002361:hfq,equity_daily,002361,A,hfq,,success,PASS,3900,2010-03-03,2026-08-24,2010-03-03,complete_to_verified_listing_date,,,sina,stock_zh_a_daily,1,sina,primary_connection_error;fallback_passed_strict_checks,connection_error,,,,,,,,,,,data/raw/stage17/equity_daily/run_id=68dcbbe5-e065-4737-8688-f909d9f74dc9/market=A/symbol=002361/adjust=hfq/source=sina/data.parquet,data/raw/stage17/equity_daily/run_id=68dcbbe5-e065-4737-8688-f909d9f74dc9/market=A/symbol=002361/adjust=hfq/source=sina/metadata.json
daily:601500:raw:attempt:eastmoney,equity_daily_attempt,601500,A,raw,,failed,NOT_RUN,0,,,2016-09-19,history_unavailable,connection_error,"HTTPSConnectionPool(host='push2his.eastmoney.com', port=443): Max retries exceeded with url: /api/qt/stock/kline/get?fields1=f1%2Cf2%2Cf3%2Cf4%2Cf5%2Cf6&fields2=f51%2Cf52%2Cf53%2Cf54%2Cf55%2Cf56%2Cf57%2Cf58%2Cf59%2Cf60%2Cf61%2Cf116&ut=7eea3",eastmoney,stock_zh_a_hist,3,,primary_connection_error;fallback_passed_strict_checks,,connection_failure,,,,,,,,,,,
daily:601500:raw,equity_daily,601500,A,raw,,success,PASS,2404,2016-09-19,2026-08-24,2016-09-19,complete_to_verified_listing_date,,,sina,stock_zh_a_daily,1,sina,primary_connection_error;fallback_passed_strict_checks,connection_error,,,,,,,,,,,data/raw/stage17/equity_daily/run_id=68dcbbe5-e065-4737-8688-f909d9f74dc9/market=A/symbol=601500/adjust=raw/source=sina/data.parquet,data/raw/stage17/equity_daily/run_id=68dcbbe5-e065-4737-8688-f909d9f74dc9/market=A/symbol=601500/adjust=raw/source=sina/metadata.json
daily:601500:qfq:attempt:eastmoney,equity_daily_attempt,601500,A,qfq,,failed,NOT_RUN,0,,,2016-09-19,history_unavailable,connection_error,"HTTPSConnectionPool(host='push2his.eastmoney.com', port=443): Max retries exceeded with url: /api/qt/stock/kline/get?fields1=f1%2Cf2%2Cf3%2Cf4%2Cf5%2Cf6&fields2=f51%2Cf52%2Cf53%2Cf54%2Cf55%2Cf56%2Cf57%2Cf58%2Cf59%2Cf60%2Cf61%2Cf116&ut=7eea3",eastmoney,stock_zh_a_hist,3,,primary_connection_error;fallback_passed_strict_checks,,connection_failure,,,,,,,,,,,
daily:601500:qfq,equity_daily,601500,A,qfq,,success,PASS,2404,2016-09-19,2026-08-24,2016-09-19,complete_to_verified_listing_date,,,sina,stock_zh_a_daily,1,sina,primary_connection_error;fallback_passed_strict_checks,connection_error,,,,,,,,,,,data/raw/stage17/equity_daily/run_id=68dcbbe5-e065-4737-8688-f909d9f74dc9/market=A/symbol=601500/adjust=qfq/source=sina/data.parquet,data/raw/stage17/equity_daily/run_id=68dcbbe5-e065-4737-8688-f909d9f74dc9/market=A/symbol=601500/adjust=qfq/source=sina/metadata.json
daily:601500:hfq:attempt:eastmoney,equity_daily_attempt,601500,A,hfq,,failed,NOT_RUN,0,,,2016-09-19,history_unavailable,connection_error,"HTTPSConnectionPool(host='push2his.eastmoney.com', port=443): Max retries exceeded with url: /api/qt/stock/kline/get?fields1=f1%2Cf2%2Cf3%2Cf4%2Cf5%2Cf6&fields2=f51%2Cf52%2Cf53%2Cf54%2Cf55%2Cf56%2Cf57%2Cf58%2Cf59%2Cf60%2Cf61%2Cf116&ut=7eea3",eastmoney,stock_zh_a_hist,3,,primary_connection_error;fallback_passed_strict_checks,,connection_failure,,,,,,,,,,,
daily:601500:hfq,equity_daily,601500,A,hfq,,success,PASS,2404,2016-09-19,2026-08-24,2016-09-19,complete_to_verified_listing_date,,,sina,stock_zh_a_daily,1,sina,primary_connection_error;fallback_passed_strict_checks,connection_error,,,,,,,,,,,data/raw/stage17/equity_daily/run_id=68dcbbe5-e065-4737-8688-f909d9f74dc9/market=A/symbol=601500/adjust=hfq/source=sina/data.parquet,data/raw/stage17/equity_daily/run_id=68dcbbe5-e065-4737-8688-f909d9f74dc9/market=A/symbol=601500/adjust=hfq/source=sina/metadata.json
daily:600231:raw:attempt:eastmoney,equity_daily_attempt,600231,A,raw,,failed,NOT_RUN,0,,,2000-05-11,history_unavailable,connection_error,"HTTPSConnectionPool(host='push2his.eastmoney.com', port=443): Max retries exceeded with url: /api/qt/stock/kline/get?fields1=f1%2Cf2%2Cf3%2Cf4%2Cf5%2Cf6&fields2=f51%2Cf52%2Cf53%2Cf54%2Cf55%2Cf56%2Cf57%2Cf58%2Cf59%2Cf60%2Cf61%2Cf116&ut=7eea3",eastmoney,stock_zh_a_hist,3,,primary_connection_error;fallback_passed_strict_checks,,connection_failure,,,,,,,,,,,
daily:600231:raw,equity_daily,600231,A,raw,,success,PASS,6241,2000-05-11,2026-08-24,2000-05-11,complete_to_verified_listing_date,,,sina,stock_zh_a_daily,1,sina,primary_connection_error;fallback_passed_strict_checks,connection_error,,,,,,,,,,,data/raw/stage17/equity_daily/run_id=68dcbbe5-e065-4737-8688-f909d9f74dc9/market=A/symbol=600231/adjust=raw/source=sina/data.parquet,data/raw/stage17/equity_daily/run_id=68dcbbe5-e065-4737-8688-f909d9f74dc9/market=A/symbol=600231/adjust=raw/source=sina/metadata.json
daily:600231:qfq:attempt:eastmoney,equity_daily_attempt,600231,A,qfq,,failed,NOT_RUN,0,,,2000-05-11,history_unavailable,connection_error,"HTTPSConnectionPool(host='push2his.eastmoney.com', port=443): Max retries exceeded with url: /api/qt/stock/kline/get?fields1=f1%2Cf2%2Cf3%2Cf4%2Cf5%2Cf6&fields2=f51%2Cf52%2Cf53%2Cf54%2Cf55%2Cf56%2Cf57%2Cf58%2Cf59%2Cf60%2Cf61%2Cf116&ut=7eea3",eastmoney,stock_zh_a_hist,3,,primary_connection_error;fallback_passed_strict_checks,,connection_failure,,,,,,,,,,,
daily:600231:qfq,equity_daily,600231,A,qfq,,success,PASS,6241,2000-05-11,2026-08-24,2000-05-11,complete_to_verified_listing_date,,,sina,stock_zh_a_daily,1,sina,primary_connection_error;fallback_passed_strict_checks,connection_error,,,,,,,,,,,data/raw/stage17/equity_daily/run_id=68dcbbe5-e065-4737-8688-f909d9f74dc9/market=A/symbol=600231/adjust=qfq/source=sina/data.parquet,data/raw/stage17/equity_daily/run_id=68dcbbe5-e065-4737-8688-f909d9f74dc9/market=A/symbol=600231/adjust=qfq/source=sina/metadata.json
daily:600231:hfq:attempt:eastmoney,equity_daily_attempt,600231,A,hfq,,failed,NOT_RUN,0,,,2000-05-11,history_unavailable,connection_error,"HTTPSConnectionPool(host='push2his.eastmoney.com', port=443): Max retries exceeded with url: /api/qt/stock/kline/get?fields1=f1%2Cf2%2Cf3%2Cf4%2Cf5%2Cf6&fields2=f51%2Cf52%2Cf53%2Cf54%2Cf55%2Cf56%2Cf57%2Cf58%2Cf59%2Cf60%2Cf61%2Cf116&ut=7eea3",eastmoney,stock_zh_a_hist,3,,primary_connection_error;fallback_passed_strict_checks,,connection_failure,,,,,,,,,,,
daily:600231:hfq,equity_daily,600231,A,hfq,,success,PASS,6241,2000-05-11,2026-08-24,2000-05-11,complete_to_verified_listing_date,,,sina,stock_zh_a_daily,1,sina,primary_connection_error;fallback_passed_strict_checks,connection_error,,,,,,,,,,,data/raw/stage17/equity_daily/run_id=68dcbbe5-e065-4737-8688-f909d9f74dc9/market=A/symbol=600231/adjust=hfq/source=sina/data.parquet,data/raw/stage17/equity_daily/run_id=68dcbbe5-e065-4737-8688-f909d9f74dc9/market=A/symbol=600231/adjust=hfq/source=sina/metadata.json
daily:300274:raw:attempt:eastmoney,equity_daily_attempt,300274,A,raw,,failed,NOT_RUN,0,,,2011-11-02,history_unavailable,connection_error,"HTTPSConnectionPool(host='push2his.eastmoney.com', port=443): Max retries exceeded with url: /api/qt/stock/kline/get?fields1=f1%2Cf2%2Cf3%2Cf4%2Cf5%2Cf6&fields2=f51%2Cf52%2Cf53%2Cf54%2Cf55%2Cf56%2Cf57%2Cf58%2Cf59%2Cf60%2Cf61%2Cf116&ut=7eea3",eastmoney,stock_zh_a_hist,3,,primary_connection_error;fallback_passed_strict_checks,,connection_failure,,,,,,,,,,,
daily:300274:raw,equity_daily,300274,A,raw,,success,PASS,3570,2011-11-02,2026-08-24,2011-11-02,complete_to_verified_listing_date,,,sina,stock_zh_a_daily,1,sina,primary_connection_error;fallback_passed_strict_checks,connection_error,,,,,,,,,,,data/raw/stage17/equity_daily/run_id=68dcbbe5-e065-4737-8688-f909d9f74dc9/market=A/symbol=300274/adjust=raw/source=sina/data.parquet,data/raw/stage17/equity_daily/run_id=68dcbbe5-e065-4737-8688-f909d9f74dc9/market=A/symbol=300274/adjust=raw/source=sina/metadata.json
daily:300274:qfq:attempt:eastmoney,equity_daily_attempt,300274,A,qfq,,failed,NOT_RUN,0,,,2011-11-02,history_unavailable,connection_error,"HTTPSConnectionPool(host='push2his.eastmoney.com', port=443): Max retries exceeded with url: /api/qt/stock/kline/get?fields1=f1%2Cf2%2Cf3%2Cf4%2Cf5%2Cf6&fields2=f51%2Cf52%2Cf53%2Cf54%2Cf55%2Cf56%2Cf57%2Cf58%2Cf59%2Cf60%2Cf61%2Cf116&ut=7eea3",eastmoney,stock_zh_a_hist,3,,primary_connection_error;fallback_passed_strict_checks,,connection_failure,,,,,,,,,,,
daily:300274:qfq,equity_daily,300274,A,qfq,,success,PASS,3570,2011-11-02,2026-08-24,2011-11-02,complete_to_verified_listing_date,,,sina,stock_zh_a_daily,1,sina,primary_connection_error;fallback_passed_strict_checks,connection_error,,,,,,,,,,,data/raw/stage17/equity_daily/run_id=68dcbbe5-e065-4737-8688-f909d9f74dc9/market=A/symbol=300274/adjust=qfq/source=sina/data.parquet,data/raw/stage17/equity_daily/run_id=68dcbbe5-e065-4737-8688-f909d9f74dc9/market=A/symbol=300274/adjust=qfq/source=sina/metadata.json
daily:300274:hfq:attempt:eastmoney,equity_daily_attempt,300274,A,hfq,,failed,NOT_RUN,0,,,2011-11-02,history_unavailable,connection_error,"HTTPSConnectionPool(host='push2his.eastmoney.com', port=443): Max retries exceeded with url: /api/qt/stock/kline/get?fields1=f1%2Cf2%2Cf3%2Cf4%2Cf5%2Cf6&fields2=f51%2Cf52%2Cf53%2Cf54%2Cf55%2Cf56%2Cf57%2Cf58%2Cf59%2Cf60%2Cf61%2Cf116&ut=7eea3",eastmoney,stock_zh_a_hist,3,,primary_connection_error;fallback_passed_strict_checks,,connection_failure,,,,,,,,,,,
daily:300274:hfq,equity_daily,300274,A,hfq,,success,PASS,3570,2011-11-02,2026-08-24,2011-11-02,complete_to_verified_listing_date,,,sina,stock_zh_a_daily,1,sina,primary_connection_error;fallback_passed_strict_checks,connection_error,,,,,,,,,,,data/raw/stage17/equity_daily/run_id=68dcbbe5-e065-4737-8688-f909d9f74dc9/market=A/symbol=300274/adjust=hfq/source=sina/data.parquet,data/raw/stage17/equity_daily/run_id=68dcbbe5-e065-4737-8688-f909d9f74dc9/market=A/symbol=300274/adjust=hfq/source=sina/metadata.json
daily:601636:raw:attempt:eastmoney,equity_daily_attempt,601636,A,raw,,failed,NOT_RUN,0,,,2011-08-12,history_unavailable,connection_error,"HTTPSConnectionPool(host='push2his.eastmoney.com', port=443): Max retries exceeded with url: /api/qt/stock/kline/get?fields1=f1%2Cf2%2Cf3%2Cf4%2Cf5%2Cf6&fields2=f51%2Cf52%2Cf53%2Cf54%2Cf55%2Cf56%2Cf57%2Cf58%2Cf59%2Cf60%2Cf61%2Cf116&ut=7eea3",eastmoney,stock_zh_a_hist,3,,primary_connection_error;fallback_passed_strict_checks,,connection_failure,,,,,,,,,,,
daily:601636:raw,equity_daily,601636,A,raw,,success,PASS,3637,2011-08-12,2026-08-24,2011-08-12,complete_to_verified_listing_date,,,sina,stock_zh_a_daily,1,sina,primary_connection_error;fallback_passed_strict_checks,connection_error,,,,,,,,,,,data/raw/stage17/equity_daily/run_id=68dcbbe5-e065-4737-8688-f909d9f74dc9/market=A/symbol=601636/adjust=raw/source=sina/data.parquet,data/raw/stage17/equity_daily/run_id=68dcbbe5-e065-4737-8688-f909d9f74dc9/market=A/symbol=601636/adjust=raw/source=sina/metadata.json
daily:601636:qfq:attempt:eastmoney,equity_daily_attempt,601636,A,qfq,,failed,NOT_RUN,0,,,2011-08-12,history_unavailable,connection_error,"HTTPSConnectionPool(host='push2his.eastmoney.com', port=443): Max retries exceeded with url: /api/qt/stock/kline/get?fields1=f1%2Cf2%2Cf3%2Cf4%2Cf5%2Cf6&fields2=f51%2Cf52%2Cf53%2Cf54%2Cf55%2Cf56%2Cf57%2Cf58%2Cf59%2Cf60%2Cf61%2Cf116&ut=7eea3",eastmoney,stock_zh_a_hist,3,,primary_connection_error;fallback_passed_strict_checks,,connection_failure,,,,,,,,,,,
daily:601636:qfq,equity_daily,601636,A,qfq,,success,PASS,3637,2011-08-12,2026-08-24,2011-08-12,complete_to_verified_listing_date,,,sina,stock_zh_a_daily,1,sina,primary_connection_error;fallback_passed_strict_checks,connection_error,,,,,,,,,,,data/raw/stage17/equity_daily/run_id=68dcbbe5-e065-4737-8688-f909d9f74dc9/market=A/symbol=601636/adjust=qfq/source=sina/data.parquet,data/raw/stage17/equity_daily/run_id=68dcbbe5-e065-4737-8688-f909d9f74dc9/market=A/symbol=601636/adjust=qfq/source=sina/metadata.json
daily:601636:hfq:attempt:eastmoney,equity_daily_attempt,601636,A,hfq,,failed,NOT_RUN,0,,,2011-08-12,history_unavailable,connection_error,"HTTPSConnectionPool(host='push2his.eastmoney.com', port=443): Max retries exceeded with url: /api/qt/stock/kline/get?fields1=f1%2Cf2%2Cf3%2Cf4%2Cf5%2Cf6&fields2=f51%2Cf52%2Cf53%2Cf54%2Cf55%2Cf56%2Cf57%2Cf58%2Cf59%2Cf60%2Cf61%2Cf116&ut=7eea3",eastmoney,stock_zh_a_hist,3,,primary_connection_error;fallback_passed_strict_checks,,connection_failure,,,,,,,,,,,
daily:601636:hfq,equity_daily,601636,A,hfq,,success,PASS,3637,2011-08-12,2026-08-24,2011-08-12,complete_to_verified_listing_date,,,sina,stock_zh_a_daily,1,sina,primary_connection_error;fallback_passed_strict_checks,connection_error,,,,,,,,,,,data/raw/stage17/equity_daily/run_id=68dcbbe5-e065-4737-8688-f909d9f74dc9/market=A/symbol=601636/adjust=hfq/source=sina/data.parquet,data/raw/stage17/equity_daily/run_id=68dcbbe5-e065-4737-8688-f909d9f74dc9/market=A/symbol=601636/adjust=hfq/source=sina/metadata.json
daily:002129:raw:attempt:eastmoney,equity_daily_attempt,002129,A,raw,,failed,NOT_RUN,0,,,2007-04-20,history_unavailable,connection_error,"HTTPSConnectionPool(host='push2his.eastmoney.com', port=443): Max retries exceeded with url: /api/qt/stock/kline/get?fields1=f1%2Cf2%2Cf3%2Cf4%2Cf5%2Cf6&fields2=f51%2Cf52%2Cf53%2Cf54%2Cf55%2Cf56%2Cf57%2Cf58%2Cf59%2Cf60%2Cf61%2Cf116&ut=7eea3",eastmoney,stock_zh_a_hist,3,,primary_connection_error;fallback_passed_strict_checks,,connection_failure,,,,,,,,,,,
daily:002129:raw,equity_daily,002129,A,raw,,success,PASS,4155,2007-04-20,2026-08-24,2007-04-20,complete_to_verified_listing_date,,,sina,stock_zh_a_daily,1,sina,primary_connection_error;fallback_passed_strict_checks,connection_error,,,,,,,,,,,data/raw/stage17/equity_daily/run_id=68dcbbe5-e065-4737-8688-f909d9f74dc9/market=A/symbol=002129/adjust=raw/source=sina/data.parquet,data/raw/stage17/equity_daily/run_id=68dcbbe5-e065-4737-8688-f909d9f74dc9/market=A/symbol=002129/adjust=raw/source=sina/metadata.json
daily:002129:qfq:attempt:eastmoney,equity_daily_attempt,002129,A,qfq,,failed,NOT_RUN,0,,,2007-04-20,history_unavailable,connection_error,"HTTPSConnectionPool(host='push2his.eastmoney.com', port=443): Max retries exceeded with url: /api/qt/stock/kline/get?fields1=f1%2Cf2%2Cf3%2Cf4%2Cf5%2Cf6&fields2=f51%2Cf52%2Cf53%2Cf54%2Cf55%2Cf56%2Cf57%2Cf58%2Cf59%2Cf60%2Cf61%2Cf116&ut=7eea3",eastmoney,stock_zh_a_hist,3,,primary_connection_error;fallback_passed_strict_checks,,connection_failure,,,,,,,,,,,
daily:002129:qfq,equity_daily,002129,A,qfq,,success,PASS,4155,2007-04-20,2026-08-24,2007-04-20,complete_to_verified_listing_date,,,sina,stock_zh_a_daily,1,sina,primary_connection_error;fallback_passed_strict_checks,connection_error,,,,,,,,,,,data/raw/stage17/equity_daily/run_id=68dcbbe5-e065-4737-8688-f909d9f74dc9/market=A/symbol=002129/adjust=qfq/source=sina/data.parquet,data/raw/stage17/equity_daily/run_id=68dcbbe5-e065-4737-8688-f909d9f74dc9/market=A/symbol=002129/adjust=qfq/source=sina/metadata.json
daily:002129:hfq:attempt:eastmoney,equity_daily_attempt,002129,A,hfq,,failed,NOT_RUN,0,,,2007-04-20,history_unavailable,connection_error,"HTTPSConnectionPool(host='push2his.eastmoney.com', port=443): Max retries exceeded with url: /api/qt/stock/kline/get?fields1=f1%2Cf2%2Cf3%2Cf4%2Cf5%2Cf6&fields2=f51%2Cf52%2Cf53%2Cf54%2Cf55%2Cf56%2Cf57%2Cf58%2Cf59%2Cf60%2Cf61%2Cf116&ut=7eea3",eastmoney,stock_zh_a_hist,3,,primary_connection_error;fallback_passed_strict_checks,,connection_failure,,,,,,,,,,,
daily:002129:hfq,equity_daily,002129,A,hfq,,success,PASS,4155,2007-04-20,2026-08-24,2007-04-20,complete_to_verified_listing_date,,,sina,stock_zh_a_daily,1,sina,primary_connection_error;fallback_passed_strict_checks,connection_error,,,,,,,,,,,data/raw/stage17/equity_daily/run_id=68dcbbe5-e065-4737-8688-f909d9f74dc9/market=A/symbol=002129/adjust=hfq/source=sina/data.parquet,data/raw/stage17/equity_daily/run_id=68dcbbe5-e065-4737-8688-f909d9f74dc9/market=A/symbol=002129/adjust=hfq/source=sina/metadata.json
daily:000100:raw:attempt:eastmoney,equity_daily_attempt,000100,A,raw,,failed,NOT_RUN,0,,,2004-01-30,history_unavailable,connection_error,"HTTPSConnectionPool(host='push2his.eastmoney.com', port=443): Max retries exceeded with url: /api/qt/stock/kline/get?fields1=f1%2Cf2%2Cf3%2Cf4%2Cf5%2Cf6&fields2=f51%2Cf52%2Cf53%2Cf54%2Cf55%2Cf56%2Cf57%2Cf58%2Cf59%2Cf60%2Cf61%2Cf116&ut=7eea3",eastmoney,stock_zh_a_hist,3,,primary_connection_error;fallback_passed_strict_checks,,connection_failure,,,,,,,,,,,
daily:000100:raw,equity_daily,000100,A,raw,,success,PASS,5131,2004-01-30,2026-08-24,2004-01-30,complete_to_verified_listing_date,,,sina,stock_zh_a_daily,1,sina,primary_connection_error;fallback_passed_strict_checks,connection_error,,,,,,,,,,,data/raw/stage17/equity_daily/run_id=68dcbbe5-e065-4737-8688-f909d9f74dc9/market=A/symbol=000100/adjust=raw/source=sina/data.parquet,data/raw/stage17/equity_daily/run_id=68dcbbe5-e065-4737-8688-f909d9f74dc9/market=A/symbol=000100/adjust=raw/source=sina/metadata.json
daily:000100:qfq:attempt:eastmoney,equity_daily_attempt,000100,A,qfq,,failed,NOT_RUN,0,,,2004-01-30,history_unavailable,connection_error,"HTTPSConnectionPool(host='push2his.eastmoney.com', port=443): Max retries exceeded with url: /api/qt/stock/kline/get?fields1=f1%2Cf2%2Cf3%2Cf4%2Cf5%2Cf6&fields2=f51%2Cf52%2Cf53%2Cf54%2Cf55%2Cf56%2Cf57%2Cf58%2Cf59%2Cf60%2Cf61%2Cf116&ut=7eea3",eastmoney,stock_zh_a_hist,3,,primary_connection_error;fallback_passed_strict_checks,,connection_failure,,,,,,,,,,,
daily:000100:qfq,equity_daily,000100,A,qfq,,success,PASS,5131,2004-01-30,2026-08-24,2004-01-30,complete_to_verified_listing_date,,,sina,stock_zh_a_daily,1,sina,primary_connection_error;fallback_passed_strict_checks,connection_error,,,,,,,,,,,data/raw/stage17/equity_daily/run_id=68dcbbe5-e065-4737-8688-f909d9f74dc9/market=A/symbol=000100/adjust=qfq/source=sina/data.parquet,data/raw/stage17/equity_daily/run_id=68dcbbe5-e065-4737-8688-f909d9f74dc9/market=A/symbol=000100/adjust=qfq/source=sina/metadata.json
daily:000100:hfq:attempt:eastmoney,equity_daily_attempt,000100,A,hfq,,failed,NOT_RUN,0,,,2004-01-30,history_unavailable,connection_error,"HTTPSConnectionPool(host='push2his.eastmoney.com', port=443): Max retries exceeded with url: /api/qt/stock/kline/get?fields1=f1%2Cf2%2Cf3%2Cf4%2Cf5%2Cf6&fields2=f51%2Cf52%2Cf53%2Cf54%2Cf55%2Cf56%2Cf57%2Cf58%2Cf59%2Cf60%2Cf61%2Cf116&ut=7eea3",eastmoney,stock_zh_a_hist,3,,primary_connection_error;fallback_passed_strict_checks,,connection_failure,,,,,,,,,,,
daily:000100:hfq,equity_daily,000100,A,hfq,,success,PASS,5131,2004-01-30,2026-08-24,2004-01-30,complete_to_verified_listing_date,,,sina,stock_zh_a_daily,1,sina,primary_connection_error;fallback_passed_strict_checks,connection_error,,,,,,,,,,,data/raw/stage17/equity_daily/run_id=68dcbbe5-e065-4737-8688-f909d9f74dc9/market=A/symbol=000100/adjust=hfq/source=sina/data.parquet,data/raw/stage17/equity_daily/run_id=68dcbbe5-e065-4737-8688-f909d9f74dc9/market=A/symbol=000100/adjust=hfq/source=sina/metadata.json
daily:300433:raw:attempt:eastmoney,equity_daily_attempt,300433,A,raw,,failed,NOT_RUN,0,,,2015-03-18,history_unavailable,connection_error,"HTTPSConnectionPool(host='push2his.eastmoney.com', port=443): Max retries exceeded with url: /api/qt/stock/kline/get?fields1=f1%2Cf2%2Cf3%2Cf4%2Cf5%2Cf6&fields2=f51%2Cf52%2Cf53%2Cf54%2Cf55%2Cf56%2Cf57%2Cf58%2Cf59%2Cf60%2Cf61%2Cf116&ut=7eea3",eastmoney,stock_zh_a_hist,3,,primary_connection_error;fallback_passed_strict_checks,,connection_failure,,,,,,,,,,,
daily:300433:raw,equity_daily,300433,A,raw,,success,PASS,2757,2015-03-18,2026-08-24,2015-03-18,complete_to_verified_listing_date,,,sina,stock_zh_a_daily,1,sina,primary_connection_error;fallback_passed_strict_checks,connection_error,,,,,,,,,,,data/raw/stage17/equity_daily/run_id=68dcbbe5-e065-4737-8688-f909d9f74dc9/market=A/symbol=300433/adjust=raw/source=sina/data.parquet,data/raw/stage17/equity_daily/run_id=68dcbbe5-e065-4737-8688-f909d9f74dc9/market=A/symbol=300433/adjust=raw/source=sina/metadata.json
daily:300433:qfq:attempt:eastmoney,equity_daily_attempt,300433,A,qfq,,failed,NOT_RUN,0,,,2015-03-18,history_unavailable,connection_error,"HTTPSConnectionPool(host='push2his.eastmoney.com', port=443): Max retries exceeded with url: /api/qt/stock/kline/get?fields1=f1%2Cf2%2Cf3%2Cf4%2Cf5%2Cf6&fields2=f51%2Cf52%2Cf53%2Cf54%2Cf55%2Cf56%2Cf57%2Cf58%2Cf59%2Cf60%2Cf61%2Cf116&ut=7eea3",eastmoney,stock_zh_a_hist,3,,primary_connection_error;fallback_passed_strict_checks,,connection_failure,,,,,,,,,,,
daily:300433:qfq,equity_daily,300433,A,qfq,,success,PASS,2757,2015-03-18,2026-08-24,2015-03-18,complete_to_verified_listing_date,,,sina,stock_zh_a_daily,1,sina,primary_connection_error;fallback_passed_strict_checks,connection_error,,,,,,,,,,,data/raw/stage17/equity_daily/run_id=68dcbbe5-e065-4737-8688-f909d9f74dc9/market=A/symbol=300433/adjust=qfq/source=sina/data.parquet,data/raw/stage17/equity_daily/run_id=68dcbbe5-e065-4737-8688-f909d9f74dc9/market=A/symbol=300433/adjust=qfq/source=sina/metadata.json
daily:300433:hfq:attempt:eastmoney,equity_daily_attempt,300433,A,hfq,,failed,NOT_RUN,0,,,2015-03-18,history_unavailable,connection_error,"HTTPSConnectionPool(host='push2his.eastmoney.com', port=443): Max retries exceeded with url: /api/qt/stock/kline/get?fields1=f1%2Cf2%2Cf3%2Cf4%2Cf5%2Cf6&fields2=f51%2Cf52%2Cf53%2Cf54%2Cf55%2Cf56%2Cf57%2Cf58%2Cf59%2Cf60%2Cf61%2Cf116&ut=7eea3",eastmoney,stock_zh_a_hist,3,,primary_connection_error;fallback_passed_strict_checks,,connection_failure,,,,,,,,,,,
daily:300433:hfq,equity_daily,300433,A,hfq,,success,PASS,2757,2015-03-18,2026-08-24,2015-03-18,complete_to_verified_listing_date,,,sina,stock_zh_a_daily,1,sina,primary_connection_error;fallback_passed_strict_checks,connection_error,,,,,,,,,,,data/raw/stage17/equity_daily/run_id=68dcbbe5-e065-4737-8688-f909d9f74dc9/market=A/symbol=300433/adjust=hfq/source=sina/data.parquet,data/raw/stage17/equity_daily/run_id=68dcbbe5-e065-4737-8688-f909d9f74dc9/market=A/symbol=300433/adjust=hfq/source=sina/metadata.json
daily:02180.HK:raw,equity_daily,02180.HK,HK,raw,,success,PASS,1757,2019-07-10,2026-08-24,2019-07-10,complete_to_verified_listing_date,,,tencent,stock_zh_ah_daily,4,tencent,tencent_passed_identity_quality_coverage_adjust_semantics,,,tencent,stock_zh_ah_daily,"[{'provider': 'tencent', 'interface': 'stock_zh_ah_daily', 'status': 'success', 'attempt_count': 4, 'error_type': '', 'error_message': '', 'quality_result': {'status': 'PASS', 'errors': [], 'min_date': '2019-07-10', 'max_date': '2026-08-24'}, 'coverage_result': 'complete_to_verified_listing_date', 'rejection_reason': '', 'selected': True}]","{'status': 'PASS', 'errors': [], 'min_date': '2019-07-10', 'max_date': '2026-08-24'}",complete_to_verified_listing_date,[],[],False,,data/raw/stage17/equity_daily/run_id=68dcbbe5-e065-4737-8688-f909d9f74dc9/market=HK/symbol=02180.HK/adjust=raw/source=tencent/data.parquet,data/raw/stage17/equity_daily/run_id=68dcbbe5-e065-4737-8688-f909d9f74dc9/market=HK/symbol=02180.HK/adjust=raw/source=tencent/metadata.json
daily:02180.HK:qfq,equity_daily,02180.HK,HK,qfq,,success,PASS,1757,2019-07-10,2026-08-24,2019-07-10,complete_to_verified_listing_date,,,tencent,stock_zh_ah_daily,4,tencent,tencent_passed_identity_quality_coverage_adjust_semantics,,,tencent,stock_zh_ah_daily,"[{'provider': 'tencent', 'interface': 'stock_zh_ah_daily', 'status': 'success', 'attempt_count': 4, 'error_type': '', 'error_message': '', 'quality_result': {'status': 'PASS', 'errors': [], 'min_date': '2019-07-10', 'max_date': '2026-08-24'}, 'coverage_result': 'complete_to_verified_listing_date', 'rejection_reason': '', 'selected': True}]","{'status': 'PASS', 'errors': [], 'min_date': '2019-07-10', 'max_date': '2026-08-24'}",complete_to_verified_listing_date,[],[],False,,data/raw/stage17/equity_daily/run_id=68dcbbe5-e065-4737-8688-f909d9f74dc9/market=HK/symbol=02180.HK/adjust=qfq/source=tencent/data.parquet,data/raw/stage17/equity_daily/run_id=68dcbbe5-e065-4737-8688-f909d9f74dc9/market=HK/symbol=02180.HK/adjust=qfq/source=tencent/metadata.json
daily:02180.HK:hfq,equity_daily,02180.HK,HK,hfq,,success,PASS,1757,2019-07-10,2026-08-24,2019-07-10,complete_to_verified_listing_date,,,tencent,stock_zh_ah_daily,4,tencent,tencent_passed_identity_quality_coverage_adjust_semantics,,,tencent,stock_zh_ah_daily,"[{'provider': 'tencent', 'interface': 'stock_zh_ah_daily', 'status': 'success', 'attempt_count': 4, 'error_type': '', 'error_message': '', 'quality_result': {'status': 'PASS', 'errors': [], 'min_date': '2019-07-10', 'max_date': '2026-08-24'}, 'coverage_result': 'complete_to_verified_listing_date', 'rejection_reason': '', 'selected': True}]","{'status': 'PASS', 'errors': [], 'min_date': '2019-07-10', 'max_date': '2026-08-24'}",complete_to_verified_listing_date,[],[],False,,data/raw/stage17/equity_daily/run_id=68dcbbe5-e065-4737-8688-f909d9f74dc9/market=HK/symbol=02180.HK/adjust=hfq/source=tencent/data.parquet,data/raw/stage17/equity_daily/run_id=68dcbbe5-e065-4737-8688-f909d9f74dc9/market=HK/symbol=02180.HK/adjust=hfq/source=tencent/metadata.json
daily:08365.HK:raw,equity_daily,08365.HK,HK,raw,,success,PASS,2278,2017-05-26,2026-08-24,2017-05-26,complete_to_verified_listing_date,,,tencent,stock_zh_ah_daily,5,tencent,tencent_passed_identity_quality_coverage_adjust_semantics,,,tencent,stock_zh_ah_daily,"[{'provider': 'tencent', 'interface': 'stock_zh_ah_daily', 'status': 'success', 'attempt_count': 5, 'error_type': '', 'error_message': '', 'quality_result': {'status': 'PASS', 'errors': [], 'min_date': '2017-05-26', 'max_date': '2026-08-24'}, 'coverage_result': 'complete_to_verified_listing_date', 'rejection_reason': '', 'selected': True}]","{'status': 'PASS', 'errors': [], 'min_date': '2017-05-26', 'max_date': '2026-08-24'}",complete_to_verified_listing_date,[],[],False,,data/raw/stage17/equity_daily/run_id=68dcbbe5-e065-4737-8688-f909d9f74dc9/market=HK/symbol=08365.HK/adjust=raw/source=tencent/data.parquet,data/raw/stage17/equity_daily/run_id=68dcbbe5-e065-4737-8688-f909d9f74dc9/market=HK/symbol=08365.HK/adjust=raw/source=tencent/metadata.json
daily:08365.HK:qfq,equity_daily,08365.HK,HK,qfq,,success,PASS,2278,2017-05-26,2026-08-24,2017-05-26,complete_to_verified_listing_date,,,tencent,stock_zh_ah_daily,5,tencent,tencent_passed_identity_quality_coverage_adjust_semantics,,,tencent,stock_zh_ah_daily,"[{'provider': 'tencent', 'interface': 'stock_zh_ah_daily', 'status': 'success', 'attempt_count': 5, 'error_type': '', 'error_message': '', 'quality_result': {'status': 'PASS', 'errors': [], 'min_date': '2017-05-26', 'max_date': '2026-08-24'}, 'coverage_result': 'complete_to_verified_listing_date', 'rejection_reason': '', 'selected': True}]","{'status': 'PASS', 'errors': [], 'min_date': '2017-05-26', 'max_date': '2026-08-24'}",complete_to_verified_listing_date,[],[],False,,data/raw/stage17/equity_daily/run_id=68dcbbe5-e065-4737-8688-f909d9f74dc9/market=HK/symbol=08365.HK/adjust=qfq/source=tencent/data.parquet,data/raw/stage17/equity_daily/run_id=68dcbbe5-e065-4737-8688-f909d9f74dc9/market=HK/symbol=08365.HK/adjust=qfq/source=tencent/metadata.json
daily:08365.HK:hfq,equity_daily,08365.HK,HK,hfq,,success,PASS,2278,2017-05-26,2026-08-24,2017-05-26,complete_to_verified_listing_date,,,tencent,stock_zh_ah_daily,5,tencent,tencent_passed_identity_quality_coverage_adjust_semantics,,,tencent,stock_zh_ah_daily,"[{'provider': 'tencent', 'interface': 'stock_zh_ah_daily', 'status': 'success', 'attempt_count': 5, 'error_type': '', 'error_message': '', 'quality_result': {'status': 'PASS', 'errors': [], 'min_date': '2017-05-26', 'max_date': '2026-08-24'}, 'coverage_result': 'complete_to_verified_listing_date', 'rejection_reason': '', 'selected': True}]","{'status': 'PASS', 'errors': [], 'min_date': '2017-05-26', 'max_date': '2026-08-24'}",complete_to_verified_listing_date,[],[],False,,data/raw/stage17/equity_daily/run_id=68dcbbe5-e065-4737-8688-f909d9f74dc9/market=HK/symbol=08365.HK/adjust=hfq/source=tencent/data.parquet,data/raw/stage17/equity_daily/run_id=68dcbbe5-e065-4737-8688-f909d9f74dc9/market=HK/symbol=08365.HK/adjust=hfq/source=tencent/metadata.json
daily:08462.HK:raw,equity_daily,08462.HK,HK,raw,,success,PASS,2243,2017-07-17,2026-08-24,2017-07-17,complete_to_verified_listing_date,,,tencent,stock_zh_ah_daily,5,tencent,tencent_passed_identity_quality_coverage_adjust_semantics,,,tencent,stock_zh_ah_daily,"[{'provider': 'tencent', 'interface': 'stock_zh_ah_daily', 'status': 'success', 'attempt_count': 5, 'error_type': '', 'error_message': '', 'quality_result': {'status': 'PASS', 'errors': [], 'min_date': '2017-07-17', 'max_date': '2026-08-24'}, 'coverage_result': 'complete_to_verified_listing_date', 'rejection_reason': '', 'selected': True}]","{'status': 'PASS', 'errors': [], 'min_date': '2017-07-17', 'max_date': '2026-08-24'}",complete_to_verified_listing_date,[],[],False,,data/raw/stage17/equity_daily/run_id=68dcbbe5-e065-4737-8688-f909d9f74dc9/market=HK/symbol=08462.HK/adjust=raw/source=tencent/data.parquet,data/raw/stage17/equity_daily/run_id=68dcbbe5-e065-4737-8688-f909d9f74dc9/market=HK/symbol=08462.HK/adjust=raw/source=tencent/metadata.json
daily:08462.HK:qfq:attempt:tencent,equity_daily_attempt,08462.HK,HK,qfq,,failed,NOT_RUN,0,,,2017-07-17,history_unavailable,upstream_error,'日期',tencent,stock_zh_ah_daily,1,,no_provider_passed_all_gates,,source_candidate_failure,,,"[{'provider': 'tencent', 'interface': 'stock_zh_ah_daily', 'status': 'failed', 'attempt_count': 1, 'error_type': 'upstream_error', 'error_message': ""'日期'"", 'quality_result': None, 'coverage_result': 'history_unavailable', 'rejection_reason': 'upstream_error', 'selected': False}, {'provider': 'eastmoney', 'interface': 'stock_hk_hist', 'status': 'failed', 'attempt_count': 3, 'error_type': 'connection_error', 'error_message': ""HTTPSConnectionPool(host='33.push2his.eastmoney.com', port=443): Max retries exceeded with url: /api/qt/stock/kline/get?secid=116.08462&fields1=f1%2Cf2%2Cf3%2Cf4%2Cf5%2Cf6&fields2=f51%2Cf52%2Cf53%2Cf54%2Cf55%2Cf56%2Cf57%2Cf58%2Cf59%2Cf60%2C"", 'quality_result': None, 'coverage_result': 'history_unavailable', 'rejection_reason': 'connection_error', 'selected': False}, {'provider': 'sina', 'interface': 'stock_hk_daily', 'status': 'success', 'attempt_count': 1, 'error_type': '', 'error_message': '', 'quality_result': {'status': 'FAIL', 'errors': ['ohlc_logic_error'], 'min_date': '2017-07-17', 'max_date': '2026-08-24'}, 'coverage_result': 'complete_to_verified_listing_date', 'rejection_reason': 'ohlc_logic_error', 'selected': False}]",,history_unavailable,[],[],False,,,
daily:08462.HK:qfq:attempt:eastmoney,equity_daily_attempt,08462.HK,HK,qfq,,failed,NOT_RUN,0,,,2017-07-17,history_unavailable,connection_error,"HTTPSConnectionPool(host='33.push2his.eastmoney.com', port=443): Max retries exceeded with url: /api/qt/stock/kline/get?secid=116.08462&fields1=f1%2Cf2%2Cf3%2Cf4%2Cf5%2Cf6&fields2=f51%2Cf52%2Cf53%2Cf54%2Cf55%2Cf56%2Cf57%2Cf58%2Cf59%2Cf60%2C",eastmoney,stock_hk_hist,3,,no_provider_passed_all_gates,,connection_failure,,,"[{'provider': 'tencent', 'interface': 'stock_zh_ah_daily', 'status': 'failed', 'attempt_count': 1, 'error_type': 'upstream_error', 'error_message': ""'日期'"", 'quality_result': None, 'coverage_result': 'history_unavailable', 'rejection_reason': 'upstream_error', 'selected': False}, {'provider': 'eastmoney', 'interface': 'stock_hk_hist', 'status': 'failed', 'attempt_count': 3, 'error_type': 'connection_error', 'error_message': ""HTTPSConnectionPool(host='33.push2his.eastmoney.com', port=443): Max retries exceeded with url: /api/qt/stock/kline/get?secid=116.08462&fields1=f1%2Cf2%2Cf3%2Cf4%2Cf5%2Cf6&fields2=f51%2Cf52%2Cf53%2Cf54%2Cf55%2Cf56%2Cf57%2Cf58%2Cf59%2Cf60%2C"", 'quality_result': None, 'coverage_result': 'history_unavailable', 'rejection_reason': 'connection_error', 'selected': False}, {'provider': 'sina', 'interface': 'stock_hk_daily', 'status': 'success', 'attempt_count': 1, 'error_type': '', 'error_message': '', 'quality_result': {'status': 'FAIL', 'errors': ['ohlc_logic_error'], 'min_date': '2017-07-17', 'max_date': '2026-08-24'}, 'coverage_result': 'complete_to_verified_listing_date', 'rejection_reason': 'ohlc_logic_error', 'selected': False}]",,history_unavailable,[],[],False,,,
daily:08462.HK:qfq:candidate:sina,equity_daily_candidate,08462.HK,HK,qfq,,success,FAIL,1666,2017-07-17,2026-08-24,2017-07-17,complete_to_verified_listing_date,,ohlc_logic_error,sina,stock_hk_daily,1,,no_provider_passed_all_gates,,upstream_ohlc_inconsistency,,,"[{'provider': 'tencent', 'interface': 'stock_zh_ah_daily', 'status': 'failed', 'attempt_count': 1, 'error_type': 'upstream_error', 'error_message': ""'日期'"", 'quality_result': None, 'coverage_result': 'history_unavailable', 'rejection_reason': 'upstream_error', 'selected': False}, {'provider': 'eastmoney', 'interface': 'stock_hk_hist', 'status': 'failed', 'attempt_count': 3, 'error_type': 'connection_error', 'error_message': ""HTTPSConnectionPool(host='33.push2his.eastmoney.com', port=443): Max retries exceeded with url: /api/qt/stock/kline/get?secid=116.08462&fields1=f1%2Cf2%2Cf3%2Cf4%2Cf5%2Cf6&fields2=f51%2Cf52%2Cf53%2Cf54%2Cf55%2Cf56%2Cf57%2Cf58%2Cf59%2Cf60%2C"", 'quality_result': None, 'coverage_result': 'history_unavailable', 'rejection_reason': 'connection_error', 'selected': False}, {'provider': 'sina', 'interface': 'stock_hk_daily', 'status': 'success', 'attempt_count': 1, 'error_type': '', 'error_message': '', 'quality_result': {'status': 'FAIL', 'errors': ['ohlc_logic_error'], 'min_date': '2017-07-17', 'max_date': '2026-08-24'}, 'coverage_result': 'complete_to_verified_listing_date', 'rejection_reason': 'ohlc_logic_error', 'selected': False}]","{'status': 'FAIL', 'errors': ['ohlc_logic_error'], 'min_date': '2017-07-17', 'max_date': '2026-08-24'}",complete_to_verified_listing_date,[],[],False,,data/raw/stage17/equity_daily/run_id=68dcbbe5-e065-4737-8688-f909d9f74dc9/market=HK/symbol=08462.HK/adjust=qfq/source=sina/data.parquet,data/raw/stage17/equity_daily/run_id=68dcbbe5-e065-4737-8688-f909d9f74dc9/market=HK/symbol=08462.HK/adjust=qfq/source=sina/metadata.json
daily:08462.HK:qfq,equity_daily,08462.HK,HK,qfq,,failed,NOT_RUN,0,,,2017-07-17,history_unavailable,all_sources_unusable,tencent:upstream_error | eastmoney:connection_error | sina:ohlc_logic_error,,,0,,no_provider_passed_all_gates,,source_candidate_failure,,,"[{'provider': 'tencent', 'interface': 'stock_zh_ah_daily', 'status': 'failed', 'attempt_count': 1, 'error_type': 'upstream_error', 'error_message': ""'日期'"", 'quality_result': None, 'coverage_result': 'history_unavailable', 'rejection_reason': 'upstream_error', 'selected': False}, {'provider': 'eastmoney', 'interface': 'stock_hk_hist', 'status': 'failed', 'attempt_count': 3, 'error_type': 'connection_error', 'error_message': ""HTTPSConnectionPool(host='33.push2his.eastmoney.com', port=443): Max retries exceeded with url: /api/qt/stock/kline/get?secid=116.08462&fields1=f1%2Cf2%2Cf3%2Cf4%2Cf5%2Cf6&fields2=f51%2Cf52%2Cf53%2Cf54%2Cf55%2Cf56%2Cf57%2Cf58%2Cf59%2Cf60%2C"", 'quality_result': None, 'coverage_result': 'history_unavailable', 'rejection_reason': 'connection_error', 'selected': False}, {'provider': 'sina', 'interface': 'stock_hk_daily', 'status': 'success', 'attempt_count': 1, 'error_type': '', 'error_message': '', 'quality_result': {'status': 'FAIL', 'errors': ['ohlc_logic_error'], 'min_date': '2017-07-17', 'max_date': '2026-08-24'}, 'coverage_result': 'complete_to_verified_listing_date', 'rejection_reason': 'ohlc_logic_error', 'selected': False}]",,history_unavailable,,,,,,
daily:08462.HK:hfq:attempt:tencent,equity_daily_attempt,08462.HK,HK,hfq,,failed,NOT_RUN,0,,,2017-07-17,history_unavailable,upstream_error,'日期',tencent,stock_zh_ah_daily,1,,no_provider_passed_all_gates,,source_candidate_failure,,,"[{'provider': 'tencent', 'interface': 'stock_zh_ah_daily', 'status': 'failed', 'attempt_count': 1, 'error_type': 'upstream_error', 'error_message': ""'日期'"", 'quality_result': None, 'coverage_result': 'history_unavailable', 'rejection_reason': 'upstream_error', 'selected': False}, {'provider': 'eastmoney', 'interface': 'stock_hk_hist', 'status': 'failed', 'attempt_count': 3, 'error_type': 'connection_error', 'error_message': ""HTTPSConnectionPool(host='33.push2his.eastmoney.com', port=443): Max retries exceeded with url: /api/qt/stock/kline/get?secid=116.08462&fields1=f1%2Cf2%2Cf3%2Cf4%2Cf5%2Cf6&fields2=f51%2Cf52%2Cf53%2Cf54%2Cf55%2Cf56%2Cf57%2Cf58%2Cf59%2Cf60%2C"", 'quality_result': None, 'coverage_result': 'history_unavailable', 'rejection_reason': 'connection_error', 'selected': False}, {'provider': 'sina', 'interface': 'stock_hk_daily', 'status': 'success', 'attempt_count': 1, 'error_type': '', 'error_message': '', 'quality_result': {'status': 'FAIL', 'errors': ['ohlc_logic_error'], 'min_date': '2017-07-17', 'max_date': '2026-08-24'}, 'coverage_result': 'complete_to_verified_listing_date', 'rejection_reason': 'ohlc_logic_error', 'selected': False}]",,history_unavailable,[],[],False,,,
daily:08462.HK:hfq:attempt:eastmoney,equity_daily_attempt,08462.HK,HK,hfq,,failed,NOT_RUN,0,,,2017-07-17,history_unavailable,connection_error,"HTTPSConnectionPool(host='33.push2his.eastmoney.com', port=443): Max retries exceeded with url: /api/qt/stock/kline/get?secid=116.08462&fields1=f1%2Cf2%2Cf3%2Cf4%2Cf5%2Cf6&fields2=f51%2Cf52%2Cf53%2Cf54%2Cf55%2Cf56%2Cf57%2Cf58%2Cf59%2Cf60%2C",eastmoney,stock_hk_hist,3,,no_provider_passed_all_gates,,connection_failure,,,"[{'provider': 'tencent', 'interface': 'stock_zh_ah_daily', 'status': 'failed', 'attempt_count': 1, 'error_type': 'upstream_error', 'error_message': ""'日期'"", 'quality_result': None, 'coverage_result': 'history_unavailable', 'rejection_reason': 'upstream_error', 'selected': False}, {'provider': 'eastmoney', 'interface': 'stock_hk_hist', 'status': 'failed', 'attempt_count': 3, 'error_type': 'connection_error', 'error_message': ""HTTPSConnectionPool(host='33.push2his.eastmoney.com', port=443): Max retries exceeded with url: /api/qt/stock/kline/get?secid=116.08462&fields1=f1%2Cf2%2Cf3%2Cf4%2Cf5%2Cf6&fields2=f51%2Cf52%2Cf53%2Cf54%2Cf55%2Cf56%2Cf57%2Cf58%2Cf59%2Cf60%2C"", 'quality_result': None, 'coverage_result': 'history_unavailable', 'rejection_reason': 'connection_error', 'selected': False}, {'provider': 'sina', 'interface': 'stock_hk_daily', 'status': 'success', 'attempt_count': 1, 'error_type': '', 'error_message': '', 'quality_result': {'status': 'FAIL', 'errors': ['ohlc_logic_error'], 'min_date': '2017-07-17', 'max_date': '2026-08-24'}, 'coverage_result': 'complete_to_verified_listing_date', 'rejection_reason': 'ohlc_logic_error', 'selected': False}]",,history_unavailable,[],[],False,,,
daily:08462.HK:hfq:candidate:sina,equity_daily_candidate,08462.HK,HK,hfq,,success,FAIL,1666,2017-07-17,2026-08-24,2017-07-17,complete_to_verified_listing_date,,ohlc_logic_error,sina,stock_hk_daily,1,,no_provider_passed_all_gates,,upstream_ohlc_inconsistency,,,"[{'provider': 'tencent', 'interface': 'stock_zh_ah_daily', 'status': 'failed', 'attempt_count': 1, 'error_type': 'upstream_error', 'error_message': ""'日期'"", 'quality_result': None, 'coverage_result': 'history_unavailable', 'rejection_reason': 'upstream_error', 'selected': False}, {'provider': 'eastmoney', 'interface': 'stock_hk_hist', 'status': 'failed', 'attempt_count': 3, 'error_type': 'connection_error', 'error_message': ""HTTPSConnectionPool(host='33.push2his.eastmoney.com', port=443): Max retries exceeded with url: /api/qt/stock/kline/get?secid=116.08462&fields1=f1%2Cf2%2Cf3%2Cf4%2Cf5%2Cf6&fields2=f51%2Cf52%2Cf53%2Cf54%2Cf55%2Cf56%2Cf57%2Cf58%2Cf59%2Cf60%2C"", 'quality_result': None, 'coverage_result': 'history_unavailable', 'rejection_reason': 'connection_error', 'selected': False}, {'provider': 'sina', 'interface': 'stock_hk_daily', 'status': 'success', 'attempt_count': 1, 'error_type': '', 'error_message': '', 'quality_result': {'status': 'FAIL', 'errors': ['ohlc_logic_error'], 'min_date': '2017-07-17', 'max_date': '2026-08-24'}, 'coverage_result': 'complete_to_verified_listing_date', 'rejection_reason': 'ohlc_logic_error', 'selected': False}]","{'status': 'FAIL', 'errors': ['ohlc_logic_error'], 'min_date': '2017-07-17', 'max_date': '2026-08-24'}",complete_to_verified_listing_date,[],[],False,,data/raw/stage17/equity_daily/run_id=68dcbbe5-e065-4737-8688-f909d9f74dc9/market=HK/symbol=08462.HK/adjust=hfq/source=sina/data.parquet,data/raw/stage17/equity_daily/run_id=68dcbbe5-e065-4737-8688-f909d9f74dc9/market=HK/symbol=08462.HK/adjust=hfq/source=sina/metadata.json
daily:08462.HK:hfq,equity_daily,08462.HK,HK,hfq,,failed,NOT_RUN,0,,,2017-07-17,history_unavailable,all_sources_unusable,tencent:upstream_error | eastmoney:connection_error | sina:ohlc_logic_error,,,0,,no_provider_passed_all_gates,,source_candidate_failure,,,"[{'provider': 'tencent', 'interface': 'stock_zh_ah_daily', 'status': 'failed', 'attempt_count': 1, 'error_type': 'upstream_error', 'error_message': ""'日期'"", 'quality_result': None, 'coverage_result': 'history_unavailable', 'rejection_reason': 'upstream_error', 'selected': False}, {'provider': 'eastmoney', 'interface': 'stock_hk_hist', 'status': 'failed', 'attempt_count': 3, 'error_type': 'connection_error', 'error_message': ""HTTPSConnectionPool(host='33.push2his.eastmoney.com', port=443): Max retries exceeded with url: /api/qt/stock/kline/get?secid=116.08462&fields1=f1%2Cf2%2Cf3%2Cf4%2Cf5%2Cf6&fields2=f51%2Cf52%2Cf53%2Cf54%2Cf55%2Cf56%2Cf57%2Cf58%2Cf59%2Cf60%2C"", 'quality_result': None, 'coverage_result': 'history_unavailable', 'rejection_reason': 'connection_error', 'selected': False}, {'provider': 'sina', 'interface': 'stock_hk_daily', 'status': 'success', 'attempt_count': 1, 'error_type': '', 'error_message': '', 'quality_result': {'status': 'FAIL', 'errors': ['ohlc_logic_error'], 'min_date': '2017-07-17', 'max_date': '2026-08-24'}, 'coverage_result': 'complete_to_verified_listing_date', 'rejection_reason': 'ohlc_logic_error', 'selected': False}]",,history_unavailable,,,,,,
daily:02076.HK:raw,equity_daily,02076.HK,HK,raw,,success,PASS,900,2022-12-22,2026-08-24,2022-12-22,complete_to_verified_listing_date,,,tencent,stock_zh_ah_daily,3,tencent,tencent_passed_identity_quality_coverage_adjust_semantics,,,tencent,stock_zh_ah_daily,"[{'provider': 'tencent', 'interface': 'stock_zh_ah_daily', 'status': 'success', 'attempt_count': 3, 'error_type': '', 'error_message': '', 'quality_result': {'status': 'PASS', 'errors': [], 'min_date': '2022-12-22', 'max_date': '2026-08-24'}, 'coverage_result': 'complete_to_verified_listing_date', 'rejection_reason': '', 'selected': True}]","{'status': 'PASS', 'errors': [], 'min_date': '2022-12-22', 'max_date': '2026-08-24'}",complete_to_verified_listing_date,[],[],False,,data/raw/stage17/equity_daily/run_id=68dcbbe5-e065-4737-8688-f909d9f74dc9/market=HK/symbol=02076.HK/adjust=raw/source=tencent/data.parquet,data/raw/stage17/equity_daily/run_id=68dcbbe5-e065-4737-8688-f909d9f74dc9/market=HK/symbol=02076.HK/adjust=raw/source=tencent/metadata.json
daily:02076.HK:qfq,equity_daily,02076.HK,HK,qfq,,success,PASS,900,2022-12-22,2026-08-24,2022-12-22,complete_to_verified_listing_date,,,tencent,stock_zh_ah_daily,3,tencent,tencent_passed_identity_quality_coverage_adjust_semantics,,,tencent,stock_zh_ah_daily,"[{'provider': 'tencent', 'interface': 'stock_zh_ah_daily', 'status': 'success', 'attempt_count': 3, 'error_type': '', 'error_message': '', 'quality_result': {'status': 'PASS', 'errors': [], 'min_date': '2022-12-22', 'max_date': '2026-08-24'}, 'coverage_result': 'complete_to_verified_listing_date', 'rejection_reason': '', 'selected': True}]","{'status': 'PASS', 'errors': [], 'min_date': '2022-12-22', 'max_date': '2026-08-24'}",complete_to_verified_listing_date,[],[],False,,data/raw/stage17/equity_daily/run_id=68dcbbe5-e065-4737-8688-f909d9f74dc9/market=HK/symbol=02076.HK/adjust=qfq/source=tencent/data.parquet,data/raw/stage17/equity_daily/run_id=68dcbbe5-e065-4737-8688-f909d9f74dc9/market=HK/symbol=02076.HK/adjust=qfq/source=tencent/metadata.json
daily:02076.HK:hfq,equity_daily,02076.HK,HK,hfq,,success,PASS,900,2022-12-22,2026-08-24,2022-12-22,complete_to_verified_listing_date,,,tencent,stock_zh_ah_daily,3,tencent,tencent_passed_identity_quality_coverage_adjust_semantics,,,tencent,stock_zh_ah_daily,"[{'provider': 'tencent', 'interface': 'stock_zh_ah_daily', 'status': 'success', 'attempt_count': 3, 'error_type': '', 'error_message': '', 'quality_result': {'status': 'PASS', 'errors': [], 'min_date': '2022-12-22', 'max_date': '2026-08-24'}, 'coverage_result': 'complete_to_verified_listing_date', 'rejection_reason': '', 'selected': True}]","{'status': 'PASS', 'errors': [], 'min_date': '2022-12-22', 'max_date': '2026-08-24'}",complete_to_verified_listing_date,[],[],False,,data/raw/stage17/equity_daily/run_id=68dcbbe5-e065-4737-8688-f909d9f74dc9/market=HK/symbol=02076.HK/adjust=hfq/source=tencent/data.parquet,data/raw/stage17/equity_daily/run_id=68dcbbe5-e065-4737-8688-f909d9f74dc9/market=HK/symbol=02076.HK/adjust=hfq/source=tencent/metadata.json
daily:06100.HK:raw,equity_daily,06100.HK,HK,raw,,success,PASS,2008,2018-06-29,2026-08-24,2018-06-29,complete_to_verified_listing_date,,,tencent,stock_zh_ah_daily,5,tencent,tencent_passed_identity_quality_coverage_adjust_semantics,,,tencent,stock_zh_ah_daily,"[{'provider': 'tencent', 'interface': 'stock_zh_ah_daily', 'status': 'success', 'attempt_count': 5, 'error_type': '', 'error_message': '', 'quality_result': {'status': 'PASS', 'errors': [], 'min_date': '2018-06-29', 'max_date': '2026-08-24'}, 'coverage_result': 'complete_to_verified_listing_date', 'rejection_reason': '', 'selected': True}]","{'status': 'PASS', 'errors': [], 'min_date': '2018-06-29', 'max_date': '2026-08-24'}",complete_to_verified_listing_date,[],[],False,,data/raw/stage17/equity_daily/run_id=68dcbbe5-e065-4737-8688-f909d9f74dc9/market=HK/symbol=06100.HK/adjust=raw/source=tencent/data.parquet,data/raw/stage17/equity_daily/run_id=68dcbbe5-e065-4737-8688-f909d9f74dc9/market=HK/symbol=06100.HK/adjust=raw/source=tencent/metadata.json
daily:06100.HK:qfq,equity_daily,06100.HK,HK,qfq,,success,PASS,2008,2018-06-29,2026-08-24,2018-06-29,complete_to_verified_listing_date,,,tencent,stock_zh_ah_daily,5,tencent,tencent_passed_identity_quality_coverage_adjust_semantics,,,tencent,stock_zh_ah_daily,"[{'provider': 'tencent', 'interface': 'stock_zh_ah_daily', 'status': 'success', 'attempt_count': 5, 'error_type': '', 'error_message': '', 'quality_result': {'status': 'PASS', 'errors': [], 'min_date': '2018-06-29', 'max_date': '2026-08-24'}, 'coverage_result': 'complete_to_verified_listing_date', 'rejection_reason': '', 'selected': True}]","{'status': 'PASS', 'errors': [], 'min_date': '2018-06-29', 'max_date': '2026-08-24'}",complete_to_verified_listing_date,[],[],False,,data/raw/stage17/equity_daily/run_id=68dcbbe5-e065-4737-8688-f909d9f74dc9/market=HK/symbol=06100.HK/adjust=qfq/source=tencent/data.parquet,data/raw/stage17/equity_daily/run_id=68dcbbe5-e065-4737-8688-f909d9f74dc9/market=HK/symbol=06100.HK/adjust=qfq/source=tencent/metadata.json
daily:06100.HK:hfq,equity_daily,06100.HK,HK,hfq,,success,PASS,2008,2018-06-29,2026-08-24,2018-06-29,complete_to_verified_listing_date,,,tencent,stock_zh_ah_daily,5,tencent,tencent_passed_identity_quality_coverage_adjust_semantics,,,tencent,stock_zh_ah_daily,"[{'provider': 'tencent', 'interface': 'stock_zh_ah_daily', 'status': 'success', 'attempt_count': 5, 'error_type': '', 'error_message': '', 'quality_result': {'status': 'PASS', 'errors': [], 'min_date': '2018-06-29', 'max_date': '2026-08-24'}, 'coverage_result': 'complete_to_verified_listing_date', 'rejection_reason': '', 'selected': True}]","{'status': 'PASS', 'errors': [], 'min_date': '2018-06-29', 'max_date': '2026-08-24'}",complete_to_verified_listing_date,[],[],False,,data/raw/stage17/equity_daily/run_id=68dcbbe5-e065-4737-8688-f909d9f74dc9/market=HK/symbol=06100.HK/adjust=hfq/source=tencent/data.parquet,data/raw/stage17/equity_daily/run_id=68dcbbe5-e065-4737-8688-f909d9f74dc9/market=HK/symbol=06100.HK/adjust=hfq/source=tencent/metadata.json
daily:06919.HK:raw,equity_daily,06919.HK,HK,raw,,success,PASS,1647,2019-12-13,2026-08-24,2019-12-13,complete_to_verified_listing_date,,,tencent,stock_zh_ah_daily,4,tencent,tencent_passed_identity_quality_coverage_adjust_semantics,,,tencent,stock_zh_ah_daily,"[{'provider': 'tencent', 'interface': 'stock_zh_ah_daily', 'status': 'success', 'attempt_count': 4, 'error_type': '', 'error_message': '', 'quality_result': {'status': 'PASS', 'errors': [], 'min_date': '2019-12-13', 'max_date': '2026-08-24'}, 'coverage_result': 'complete_to_verified_listing_date', 'rejection_reason': '', 'selected': True}]","{'status': 'PASS', 'errors': [], 'min_date': '2019-12-13', 'max_date': '2026-08-24'}",complete_to_verified_listing_date,[],[],False,,data/raw/stage17/equity_daily/run_id=68dcbbe5-e065-4737-8688-f909d9f74dc9/market=HK/symbol=06919.HK/adjust=raw/source=tencent/data.parquet,data/raw/stage17/equity_daily/run_id=68dcbbe5-e065-4737-8688-f909d9f74dc9/market=HK/symbol=06919.HK/adjust=raw/source=tencent/metadata.json
daily:06919.HK:qfq,equity_daily,06919.HK,HK,qfq,,success,PASS,1647,2019-12-13,2026-08-24,2019-12-13,complete_to_verified_listing_date,,,tencent,stock_zh_ah_daily,4,tencent,tencent_passed_identity_quality_coverage_adjust_semantics,,,tencent,stock_zh_ah_daily,"[{'provider': 'tencent', 'interface': 'stock_zh_ah_daily', 'status': 'success', 'attempt_count': 4, 'error_type': '', 'error_message': '', 'quality_result': {'status': 'PASS', 'errors': [], 'min_date': '2019-12-13', 'max_date': '2026-08-24'}, 'coverage_result': 'complete_to_verified_listing_date', 'rejection_reason': '', 'selected': True}]","{'status': 'PASS', 'errors': [], 'min_date': '2019-12-13', 'max_date': '2026-08-24'}",complete_to_verified_listing_date,[],[],False,,data/raw/stage17/equity_daily/run_id=68dcbbe5-e065-4737-8688-f909d9f74dc9/market=HK/symbol=06919.HK/adjust=qfq/source=tencent/data.parquet,data/raw/stage17/equity_daily/run_id=68dcbbe5-e065-4737-8688-f909d9f74dc9/market=HK/symbol=06919.HK/adjust=qfq/source=tencent/metadata.json
daily:06919.HK:hfq,equity_daily,06919.HK,HK,hfq,,success,PASS,1647,2019-12-13,2026-08-24,2019-12-13,complete_to_verified_listing_date,,,tencent,stock_zh_ah_daily,4,tencent,tencent_passed_identity_quality_coverage_adjust_semantics,,,tencent,stock_zh_ah_daily,"[{'provider': 'tencent', 'interface': 'stock_zh_ah_daily', 'status': 'success', 'attempt_count': 4, 'error_type': '', 'error_message': '', 'quality_result': {'status': 'PASS', 'errors': [], 'min_date': '2019-12-13', 'max_date': '2026-08-24'}, 'coverage_result': 'complete_to_verified_listing_date', 'rejection_reason': '', 'selected': True}]","{'status': 'PASS', 'errors': [], 'min_date': '2019-12-13', 'max_date': '2026-08-24'}",complete_to_verified_listing_date,[],[],False,,data/raw/stage17/equity_daily/run_id=68dcbbe5-e065-4737-8688-f909d9f74dc9/market=HK/symbol=06919.HK/adjust=hfq/source=tencent/data.parquet,data/raw/stage17/equity_daily/run_id=68dcbbe5-e065-4737-8688-f909d9f74dc9/market=HK/symbol=06919.HK/adjust=hfq/source=tencent/metadata.json
daily:09669.HK:raw,equity_daily,09669.HK,HK,raw,,success,PASS,829,2023-04-13,2026-08-24,2023-04-13,complete_to_verified_listing_date,,,tencent,stock_zh_ah_daily,2,tencent,tencent_passed_identity_quality_coverage_adjust_semantics,,,tencent,stock_zh_ah_daily,"[{'provider': 'tencent', 'interface': 'stock_zh_ah_daily', 'status': 'success', 'attempt_count': 2, 'error_type': '', 'error_message': '', 'quality_result': {'status': 'PASS', 'errors': [], 'min_date': '2023-04-13', 'max_date': '2026-08-24'}, 'coverage_result': 'complete_to_verified_listing_date', 'rejection_reason': '', 'selected': True}]","{'status': 'PASS', 'errors': [], 'min_date': '2023-04-13', 'max_date': '2026-08-24'}",complete_to_verified_listing_date,[],[],False,,data/raw/stage17/equity_daily/run_id=68dcbbe5-e065-4737-8688-f909d9f74dc9/market=HK/symbol=09669.HK/adjust=raw/source=tencent/data.parquet,data/raw/stage17/equity_daily/run_id=68dcbbe5-e065-4737-8688-f909d9f74dc9/market=HK/symbol=09669.HK/adjust=raw/source=tencent/metadata.json
daily:09669.HK:qfq,equity_daily,09669.HK,HK,qfq,,success,PASS,829,2023-04-13,2026-08-24,2023-04-13,complete_to_verified_listing_date,,,tencent_compat,tencent_hkfqkline_direct_https,2,tencent_compat,tencent_compat_passed_identity_quality_coverage_adjust_semantics,,,tencent_compat,tencent_hkfqkline_direct_https,"[{'provider': 'tencent_compat', 'interface': 'tencent_hkfqkline_direct_https', 'status': 'success', 'attempt_count': 2, 'error_type': '', 'error_message': '', 'quality_result': {'status': 'PASS', 'errors': [], 'min_date': '2023-04-13', 'max_date': '2026-08-24'}, 'coverage_result': 'complete_to_verified_listing_date', 'rejection_reason': '', 'selected': True}]","{'status': 'PASS', 'errors': [], 'min_date': '2023-04-13', 'max_date': '2026-08-24'}",complete_to_verified_listing_date,"['qfqday', 'qfqday']","['day', 'day']",True,True,data/raw/stage17/equity_daily/run_id=68dcbbe5-e065-4737-8688-f909d9f74dc9/market=HK/symbol=09669.HK/adjust=qfq/source=tencent_compat/data.parquet,data/raw/stage17/equity_daily/run_id=68dcbbe5-e065-4737-8688-f909d9f74dc9/market=HK/symbol=09669.HK/adjust=qfq/source=tencent_compat/metadata.json
daily:09669.HK:hfq,equity_daily,09669.HK,HK,hfq,,success,PASS,829,2023-04-13,2026-08-24,2023-04-13,complete_to_verified_listing_date,,,tencent_compat,tencent_hkfqkline_direct_https,2,tencent_compat,tencent_compat_passed_identity_quality_coverage_adjust_semantics,,,tencent_compat,tencent_hkfqkline_direct_https,"[{'provider': 'tencent_compat', 'interface': 'tencent_hkfqkline_direct_https', 'status': 'success', 'attempt_count': 2, 'error_type': '', 'error_message': '', 'quality_result': {'status': 'PASS', 'errors': [], 'min_date': '2023-04-13', 'max_date': '2026-08-24'}, 'coverage_result': 'complete_to_verified_listing_date', 'rejection_reason': '', 'selected': True}]","{'status': 'PASS', 'errors': [], 'min_date': '2023-04-13', 'max_date': '2026-08-24'}",complete_to_verified_listing_date,"['hfqday', 'hfqday']","['day', 'day']",True,True,data/raw/stage17/equity_daily/run_id=68dcbbe5-e065-4737-8688-f909d9f74dc9/market=HK/symbol=09669.HK/adjust=hfq/source=tencent_compat/data.parquet,data/raw/stage17/equity_daily/run_id=68dcbbe5-e065-4737-8688-f909d9f74dc9/market=HK/symbol=09669.HK/adjust=hfq/source=tencent_compat/metadata.json
minute:002067:1m,equity_minute,002067,A,,1m,failed,NOT_RUN,0,,,,,connection_error,"HTTPSConnectionPool(host='push2his.eastmoney.com', port=443): Max retries exceeded with url: /api/qt/stock/trends2/get?fields1=f1%2Cf2%2Cf3%2Cf4%2Cf5%2Cf6%2Cf7%2Cf8%2Cf9%2Cf10%2Cf11%2Cf12%2Cf13&fields2=f51%2Cf52%2Cf53%2Cf54%2Cf55%2Cf56%2Cf5",,,0,,,,,,,,,,,,,,,
minute:002067:5m,equity_minute,002067,A,,5m,failed,NOT_RUN,0,,,,,timeout,minute probe skipped after an earlier connection-class failure,,,0,,,,,,,,,,,,,,,
minute:300274:1m,equity_minute,300274,A,,1m,failed,NOT_RUN,0,,,,,timeout,minute probe skipped after an earlier connection-class failure,,,0,,,,,,,,,,,,,,,
minute:300274:5m,equity_minute,300274,A,,5m,failed,NOT_RUN,0,,,,,timeout,minute probe skipped after an earlier connection-class failure,,,0,,,,,,,,,,,,,,,
minute:600763:1m,equity_minute,600763,A,,1m,failed,NOT_RUN,0,,,,,timeout,minute probe skipped after an earlier connection-class failure,,,0,,,,,,,,,,,,,,,
minute:600763:5m,equity_minute,600763,A,,5m,failed,NOT_RUN,0,,,,,timeout,minute probe skipped after an earlier connection-class failure,,,0,,,,,,,,,,,,,,,
minute:02180.HK:1m,equity_minute,02180.HK,HK,,1m,failed,NOT_RUN,0,,,,,timeout,minute probe skipped after an earlier connection-class failure,,,0,,,,,,,,,,,,,,,
minute:02180.HK:5m,equity_minute,02180.HK,HK,,5m,failed,NOT_RUN,0,,,,,timeout,minute probe skipped after an earlier connection-class failure,,,0,,,,,,,,,,,,,,,
minute:08365.HK:1m,equity_minute,08365.HK,HK,,1m,failed,NOT_RUN,0,,,,,timeout,minute probe skipped after an earlier connection-class failure,,,0,,,,,,,,,,,,,,,
minute:08365.HK:5m,equity_minute,08365.HK,HK,,5m,failed,NOT_RUN,0,,,,,timeout,minute probe skipped after an earlier connection-class failure,,,0,,,,,,,,,,,,,,,
crypto:ETHUSDT:1m,crypto,ETHUSDT,crypto,,1m,success,PASS,129600,2026-05-27T00:00:00+00:00,2026-08-24T23:59:00+00:00,,,,,,,0,,,,,,,,,,,,,,data/raw/stage17/crypto_ohlcv/run_id=68dcbbe5-e065-4737-8688-f909d9f74dc9/market=crypto/symbol=ETHUSDT/interval=1m/data.parquet,data/raw/stage17/crypto_ohlcv/run_id=68dcbbe5-e065-4737-8688-f909d9f74dc9/market=crypto/symbol=ETHUSDT/interval=1m/metadata.json
crypto:ETHUSDT:3m,crypto,ETHUSDT,crypto,,3m,success,PASS,43200,2026-05-27T00:00:00+00:00,2026-08-24T23:57:00+00:00,,,,,,,0,,,,,,,,,,,,,,data/raw/stage17/crypto_ohlcv/run_id=68dcbbe5-e065-4737-8688-f909d9f74dc9/market=crypto/symbol=ETHUSDT/interval=3m/data.parquet,data/raw/stage17/crypto_ohlcv/run_id=68dcbbe5-e065-4737-8688-f909d9f74dc9/market=crypto/symbol=ETHUSDT/interval=3m/metadata.json
crypto:ETHUSDT:5m,crypto,ETHUSDT,crypto,,5m,success,PASS,25920,2026-05-27T00:00:00+00:00,2026-08-24T23:55:00+00:00,,,,,,,0,,,,,,,,,,,,,,data/raw/stage17/crypto_ohlcv/run_id=68dcbbe5-e065-4737-8688-f909d9f74dc9/market=crypto/symbol=ETHUSDT/interval=5m/data.parquet,data/raw/stage17/crypto_ohlcv/run_id=68dcbbe5-e065-4737-8688-f909d9f74dc9/market=crypto/symbol=ETHUSDT/interval=5m/metadata.json
crypto:ETHUSDT:15m,crypto,ETHUSDT,crypto,,15m,success,PASS,8640,2026-05-27T00:00:00+00:00,2026-08-24T23:45:00+00:00,,,,,,,0,,,,,,,,,,,,,,data/raw/stage17/crypto_ohlcv/run_id=68dcbbe5-e065-4737-8688-f909d9f74dc9/market=crypto/symbol=ETHUSDT/interval=15m/data.parquet,data/raw/stage17/crypto_ohlcv/run_id=68dcbbe5-e065-4737-8688-f909d9f74dc9/market=crypto/symbol=ETHUSDT/interval=15m/metadata.json
crypto:ETHUSDT:1h,crypto,ETHUSDT,crypto,,1h,success,PASS,75541,2018-01-11T11:00:00+00:00,2026-08-24T23:00:00+00:00,,,,,,,0,,,,,,,,,,,,,,data/raw/stage17/crypto_ohlcv/run_id=68dcbbe5-e065-4737-8688-f909d9f74dc9/market=crypto/symbol=ETHUSDT/interval=1h/data.parquet,data/raw/stage17/crypto_ohlcv/run_id=68dcbbe5-e065-4737-8688-f909d9f74dc9/market=crypto/symbol=ETHUSDT/interval=1h/metadata.json
crypto:ETHUSDT:1d,crypto,ETHUSDT,crypto,,1d,success,PASS,3148,2018-01-11T00:00:00+00:00,2026-08-24T00:00:00+00:00,,,,,,,0,,,,,,,,,,,,,,data/raw/stage17/crypto_ohlcv/run_id=68dcbbe5-e065-4737-8688-f909d9f74dc9/market=crypto/symbol=ETHUSDT/interval=1d/data.parquet,data/raw/stage17/crypto_ohlcv/run_id=68dcbbe5-e065-4737-8688-f909d9f74dc9/market=crypto/symbol=ETHUSDT/interval=1d/metadata.json
