dataset_id,kind,symbol,market,adjust,interval,status,quality_status,row_count,min_value,max_value,listing_date,coverage_status,error_type,error_message,data_path,metadata_path
profile:002067,equity_profile,002067,A,,,success,PASS,1,,,2001-09-26,,,,data/raw/stage17/equity_profile/run_id=9a0c3c18-5b7d-4d58-a719-172026082424/market=A/symbol=002067/data.parquet,data/raw/stage17/equity_profile/run_id=9a0c3c18-5b7d-4d58-a719-172026082424/market=A/symbol=002067/metadata.json
profile:002600,equity_profile,002600,A,,,success,UNAVAILABLE,1,,,,,,listing_date_unavailable,data/raw/stage17/equity_profile/run_id=9a0c3c18-5b7d-4d58-a719-172026082424/market=A/symbol=002600/data.parquet,data/raw/stage17/equity_profile/run_id=9a0c3c18-5b7d-4d58-a719-172026082424/market=A/symbol=002600/metadata.json
profile:002230,equity_profile,002230,A,,,success,UNAVAILABLE,1,,,,,,listing_date_unavailable,data/raw/stage17/equity_profile/run_id=9a0c3c18-5b7d-4d58-a719-172026082424/market=A/symbol=002230/data.parquet,data/raw/stage17/equity_profile/run_id=9a0c3c18-5b7d-4d58-a719-172026082424/market=A/symbol=002230/metadata.json
profile:600763,equity_profile,600763,A,,,success,PASS,1,,,1995-08-30,,,,data/raw/stage17/equity_profile/run_id=9a0c3c18-5b7d-4d58-a719-172026082424/market=A/symbol=600763/data.parquet,data/raw/stage17/equity_profile/run_id=9a0c3c18-5b7d-4d58-a719-172026082424/market=A/symbol=600763/metadata.json
profile:603259,equity_profile,603259,A,,,success,UNAVAILABLE,1,,,,,,listing_date_unavailable,data/raw/stage17/equity_profile/run_id=9a0c3c18-5b7d-4d58-a719-172026082424/market=A/symbol=603259/data.parquet,data/raw/stage17/equity_profile/run_id=9a0c3c18-5b7d-4d58-a719-172026082424/market=A/symbol=603259/metadata.json
profile:603799,equity_profile,603799,A,,,success,UNAVAILABLE,1,,,,,,listing_date_unavailable,data/raw/stage17/equity_profile/run_id=9a0c3c18-5b7d-4d58-a719-172026082424/market=A/symbol=603799/data.parquet,data/raw/stage17/equity_profile/run_id=9a0c3c18-5b7d-4d58-a719-172026082424/market=A/symbol=603799/metadata.json
profile:601012,equity_profile,601012,A,,,success,UNAVAILABLE,1,,,,,,listing_date_unavailable,data/raw/stage17/equity_profile/run_id=9a0c3c18-5b7d-4d58-a719-172026082424/market=A/symbol=601012/data.parquet,data/raw/stage17/equity_profile/run_id=9a0c3c18-5b7d-4d58-a719-172026082424/market=A/symbol=601012/metadata.json
profile:600438,equity_profile,600438,A,,,success,UNAVAILABLE,1,,,,,,listing_date_unavailable,data/raw/stage17/equity_profile/run_id=9a0c3c18-5b7d-4d58-a719-172026082424/market=A/symbol=600438/data.parquet,data/raw/stage17/equity_profile/run_id=9a0c3c18-5b7d-4d58-a719-172026082424/market=A/symbol=600438/metadata.json
profile:002361,equity_profile,002361,A,,,success,UNAVAILABLE,1,,,,,,listing_date_unavailable,data/raw/stage17/equity_profile/run_id=9a0c3c18-5b7d-4d58-a719-172026082424/market=A/symbol=002361/data.parquet,data/raw/stage17/equity_profile/run_id=9a0c3c18-5b7d-4d58-a719-172026082424/market=A/symbol=002361/metadata.json
profile:601500,equity_profile,601500,A,,,success,UNAVAILABLE,1,,,,,,listing_date_unavailable,data/raw/stage17/equity_profile/run_id=9a0c3c18-5b7d-4d58-a719-172026082424/market=A/symbol=601500/data.parquet,data/raw/stage17/equity_profile/run_id=9a0c3c18-5b7d-4d58-a719-172026082424/market=A/symbol=601500/metadata.json
profile:600231,equity_profile,600231,A,,,success,UNAVAILABLE,1,,,,,,listing_date_unavailable,data/raw/stage17/equity_profile/run_id=9a0c3c18-5b7d-4d58-a719-172026082424/market=A/symbol=600231/data.parquet,data/raw/stage17/equity_profile/run_id=9a0c3c18-5b7d-4d58-a719-172026082424/market=A/symbol=600231/metadata.json
profile:300274,equity_profile,300274,A,,,success,UNAVAILABLE,1,,,,,,listing_date_unavailable,data/raw/stage17/equity_profile/run_id=9a0c3c18-5b7d-4d58-a719-172026082424/market=A/symbol=300274/data.parquet,data/raw/stage17/equity_profile/run_id=9a0c3c18-5b7d-4d58-a719-172026082424/market=A/symbol=300274/metadata.json
profile:601636,equity_profile,601636,A,,,success,UNAVAILABLE,1,,,,,,listing_date_unavailable,data/raw/stage17/equity_profile/run_id=9a0c3c18-5b7d-4d58-a719-172026082424/market=A/symbol=601636/data.parquet,data/raw/stage17/equity_profile/run_id=9a0c3c18-5b7d-4d58-a719-172026082424/market=A/symbol=601636/metadata.json
profile:002129,equity_profile,002129,A,,,success,UNAVAILABLE,1,,,,,,listing_date_unavailable,data/raw/stage17/equity_profile/run_id=9a0c3c18-5b7d-4d58-a719-172026082424/market=A/symbol=002129/data.parquet,data/raw/stage17/equity_profile/run_id=9a0c3c18-5b7d-4d58-a719-172026082424/market=A/symbol=002129/metadata.json
profile:000100,equity_profile,000100,A,,,success,UNAVAILABLE,1,,,,,,listing_date_unavailable,data/raw/stage17/equity_profile/run_id=9a0c3c18-5b7d-4d58-a719-172026082424/market=A/symbol=000100/data.parquet,data/raw/stage17/equity_profile/run_id=9a0c3c18-5b7d-4d58-a719-172026082424/market=A/symbol=000100/metadata.json
profile:300433,equity_profile,300433,A,,,success,UNAVAILABLE,1,,,,,,listing_date_unavailable,data/raw/stage17/equity_profile/run_id=9a0c3c18-5b7d-4d58-a719-172026082424/market=A/symbol=300433/data.parquet,data/raw/stage17/equity_profile/run_id=9a0c3c18-5b7d-4d58-a719-172026082424/market=A/symbol=300433/metadata.json
profile:02180.HK,equity_profile,02180.HK,HK,,,success,UNAVAILABLE,1,,,,,,listing_date_unavailable,data/raw/stage17/equity_profile/run_id=9a0c3c18-5b7d-4d58-a719-172026082424/market=HK/symbol=02180.HK/data.parquet,data/raw/stage17/equity_profile/run_id=9a0c3c18-5b7d-4d58-a719-172026082424/market=HK/symbol=02180.HK/metadata.json
profile:08365.HK,equity_profile,08365.HK,HK,,,success,UNAVAILABLE,1,,,,,,listing_date_unavailable,data/raw/stage17/equity_profile/run_id=9a0c3c18-5b7d-4d58-a719-172026082424/market=HK/symbol=08365.HK/data.parquet,data/raw/stage17/equity_profile/run_id=9a0c3c18-5b7d-4d58-a719-172026082424/market=HK/symbol=08365.HK/metadata.json
profile:08462.HK,equity_profile,08462.HK,HK,,,success,UNAVAILABLE,1,,,,,,listing_date_unavailable,data/raw/stage17/equity_profile/run_id=9a0c3c18-5b7d-4d58-a719-172026082424/market=HK/symbol=08462.HK/data.parquet,data/raw/stage17/equity_profile/run_id=9a0c3c18-5b7d-4d58-a719-172026082424/market=HK/symbol=08462.HK/metadata.json
profile:02076.HK,equity_profile,02076.HK,HK,,,success,UNAVAILABLE,1,,,,,,listing_date_unavailable,data/raw/stage17/equity_profile/run_id=9a0c3c18-5b7d-4d58-a719-172026082424/market=HK/symbol=02076.HK/data.parquet,data/raw/stage17/equity_profile/run_id=9a0c3c18-5b7d-4d58-a719-172026082424/market=HK/symbol=02076.HK/metadata.json
profile:06100.HK,equity_profile,06100.HK,HK,,,success,UNAVAILABLE,1,,,,,,listing_date_unavailable,data/raw/stage17/equity_profile/run_id=9a0c3c18-5b7d-4d58-a719-172026082424/market=HK/symbol=06100.HK/data.parquet,data/raw/stage17/equity_profile/run_id=9a0c3c18-5b7d-4d58-a719-172026082424/market=HK/symbol=06100.HK/metadata.json
profile:06919.HK,equity_profile,06919.HK,HK,,,success,UNAVAILABLE,1,,,,,,listing_date_unavailable,data/raw/stage17/equity_profile/run_id=9a0c3c18-5b7d-4d58-a719-172026082424/market=HK/symbol=06919.HK/data.parquet,data/raw/stage17/equity_profile/run_id=9a0c3c18-5b7d-4d58-a719-172026082424/market=HK/symbol=06919.HK/metadata.json
profile:09669.HK,equity_profile,09669.HK,HK,,,success,UNAVAILABLE,1,,,,,,listing_date_unavailable,data/raw/stage17/equity_profile/run_id=9a0c3c18-5b7d-4d58-a719-172026082424/market=HK/symbol=09669.HK/data.parquet,data/raw/stage17/equity_profile/run_id=9a0c3c18-5b7d-4d58-a719-172026082424/market=HK/symbol=09669.HK/metadata.json
daily:002067:raw,equity_daily,002067,A,raw,,success,PASS,4808,2006-09-15,2026-08-24,2001-09-26,provider_history_shorter_than_listing,,,data/raw/stage17/equity_daily/run_id=9a0c3c18-5b7d-4d58-a719-172026082424/market=A/symbol=002067/adjust=raw/data.parquet,data/raw/stage17/equity_daily/run_id=9a0c3c18-5b7d-4d58-a719-172026082424/market=A/symbol=002067/adjust=raw/metadata.json
daily:002067:qfq,equity_daily,002067,A,qfq,,success,PASS,4808,2006-09-15,2026-08-24,2001-09-26,provider_history_shorter_than_listing,,,data/raw/stage17/equity_daily/run_id=9a0c3c18-5b7d-4d58-a719-172026082424/market=A/symbol=002067/adjust=qfq/data.parquet,data/raw/stage17/equity_daily/run_id=9a0c3c18-5b7d-4d58-a719-172026082424/market=A/symbol=002067/adjust=qfq/metadata.json
daily:002067:hfq,equity_daily,002067,A,hfq,,success,PASS,4808,2006-09-15,2026-08-24,2001-09-26,provider_history_shorter_than_listing,,,data/raw/stage17/equity_daily/run_id=9a0c3c18-5b7d-4d58-a719-172026082424/market=A/symbol=002067/adjust=hfq/data.parquet,data/raw/stage17/equity_daily/run_id=9a0c3c18-5b7d-4d58-a719-172026082424/market=A/symbol=002067/adjust=hfq/metadata.json
daily:002600:raw,equity_daily,002600,A,raw,,success,PASS,3414,2011-07-15,2026-08-24,,listing_date_unavailable,,,data/raw/stage17/equity_daily/run_id=9a0c3c18-5b7d-4d58-a719-172026082424/market=A/symbol=002600/adjust=raw/data.parquet,data/raw/stage17/equity_daily/run_id=9a0c3c18-5b7d-4d58-a719-172026082424/market=A/symbol=002600/adjust=raw/metadata.json
daily:002600:qfq,equity_daily,002600,A,qfq,,success,PASS,3414,2011-07-15,2026-08-24,,listing_date_unavailable,,,data/raw/stage17/equity_daily/run_id=9a0c3c18-5b7d-4d58-a719-172026082424/market=A/symbol=002600/adjust=qfq/data.parquet,data/raw/stage17/equity_daily/run_id=9a0c3c18-5b7d-4d58-a719-172026082424/market=A/symbol=002600/adjust=qfq/metadata.json
daily:002600:hfq,equity_daily,002600,A,hfq,,success,PASS,3414,2011-07-15,2026-08-24,,listing_date_unavailable,,,data/raw/stage17/equity_daily/run_id=9a0c3c18-5b7d-4d58-a719-172026082424/market=A/symbol=002600/adjust=hfq/data.parquet,data/raw/stage17/equity_daily/run_id=9a0c3c18-5b7d-4d58-a719-172026082424/market=A/symbol=002600/adjust=hfq/metadata.json
daily:002230:raw,equity_daily,002230,A,raw,,success,PASS,4357,2008-05-12,2026-08-24,,listing_date_unavailable,,,data/raw/stage17/equity_daily/run_id=9a0c3c18-5b7d-4d58-a719-172026082424/market=A/symbol=002230/adjust=raw/data.parquet,data/raw/stage17/equity_daily/run_id=9a0c3c18-5b7d-4d58-a719-172026082424/market=A/symbol=002230/adjust=raw/metadata.json
daily:002230:qfq,equity_daily,002230,A,qfq,,success,FAIL,4357,2008-05-12,2026-08-24,,listing_date_unavailable,,negative_market_value,data/raw/stage17/equity_daily/run_id=9a0c3c18-5b7d-4d58-a719-172026082424/market=A/symbol=002230/adjust=qfq/data.parquet,data/raw/stage17/equity_daily/run_id=9a0c3c18-5b7d-4d58-a719-172026082424/market=A/symbol=002230/adjust=qfq/metadata.json
daily:002230:hfq,equity_daily,002230,A,hfq,,success,PASS,4357,2008-05-12,2026-08-24,,listing_date_unavailable,,,data/raw/stage17/equity_daily/run_id=9a0c3c18-5b7d-4d58-a719-172026082424/market=A/symbol=002230/adjust=hfq/data.parquet,data/raw/stage17/equity_daily/run_id=9a0c3c18-5b7d-4d58-a719-172026082424/market=A/symbol=002230/adjust=hfq/metadata.json
daily:600763:raw,equity_daily,600763,A,raw,,success,PASS,6805,1996-10-30,2026-08-24,1995-08-30,provider_history_shorter_than_listing,,,data/raw/stage17/equity_daily/run_id=9a0c3c18-5b7d-4d58-a719-172026082424/market=A/symbol=600763/adjust=raw/data.parquet,data/raw/stage17/equity_daily/run_id=9a0c3c18-5b7d-4d58-a719-172026082424/market=A/symbol=600763/adjust=raw/metadata.json
daily:600763:qfq,equity_daily,600763,A,qfq,,success,FAIL,6805,1996-10-30,2026-08-24,1995-08-30,provider_history_shorter_than_listing,,negative_market_value,data/raw/stage17/equity_daily/run_id=9a0c3c18-5b7d-4d58-a719-172026082424/market=A/symbol=600763/adjust=qfq/data.parquet,data/raw/stage17/equity_daily/run_id=9a0c3c18-5b7d-4d58-a719-172026082424/market=A/symbol=600763/adjust=qfq/metadata.json
daily:600763:hfq,equity_daily,600763,A,hfq,,success,PASS,6805,1996-10-30,2026-08-24,1995-08-30,provider_history_shorter_than_listing,,,data/raw/stage17/equity_daily/run_id=9a0c3c18-5b7d-4d58-a719-172026082424/market=A/symbol=600763/adjust=hfq/data.parquet,data/raw/stage17/equity_daily/run_id=9a0c3c18-5b7d-4d58-a719-172026082424/market=A/symbol=600763/adjust=hfq/metadata.json
daily:603259:raw,equity_daily,603259,A,raw,,success,PASS,2016,2018-05-08,2026-08-24,,listing_date_unavailable,,,data/raw/stage17/equity_daily/run_id=9a0c3c18-5b7d-4d58-a719-172026082424/market=A/symbol=603259/adjust=raw/data.parquet,data/raw/stage17/equity_daily/run_id=9a0c3c18-5b7d-4d58-a719-172026082424/market=A/symbol=603259/adjust=raw/metadata.json
daily:603259:qfq,equity_daily,603259,A,qfq,,success,PASS,2016,2018-05-08,2026-08-24,,listing_date_unavailable,,,data/raw/stage17/equity_daily/run_id=9a0c3c18-5b7d-4d58-a719-172026082424/market=A/symbol=603259/adjust=qfq/data.parquet,data/raw/stage17/equity_daily/run_id=9a0c3c18-5b7d-4d58-a719-172026082424/market=A/symbol=603259/adjust=qfq/metadata.json
daily:603259:hfq,equity_daily,603259,A,hfq,,failed,NOT_RUN,0,,,,listing_date_unavailable,connection_error,"HTTPSConnectionPool(host='push2his.eastmoney.com', port=443): Max retries exceeded with url: /api/qt/stock/kline/get?fields1=f1%2Cf2%2Cf3%2Cf4%2Cf5%2Cf6&fields2=f51%2Cf52%2Cf53%2Cf54%2Cf55%2Cf56%2Cf57%2Cf58%2Cf59%2Cf60%2Cf61%2Cf116&ut=7eea3",,
daily:603799:raw,equity_daily,603799,A,raw,,failed,NOT_RUN,0,,,,listing_date_unavailable,connection_error,"HTTPSConnectionPool(host='push2his.eastmoney.com', port=443): Max retries exceeded with url: /api/qt/stock/kline/get?fields1=f1%2Cf2%2Cf3%2Cf4%2Cf5%2Cf6&fields2=f51%2Cf52%2Cf53%2Cf54%2Cf55%2Cf56%2Cf57%2Cf58%2Cf59%2Cf60%2Cf61%2Cf116&ut=7eea3",,
daily:603799:qfq,equity_daily,603799,A,qfq,,failed,NOT_RUN,0,,,,listing_date_unavailable,connection_error,"HTTPSConnectionPool(host='push2his.eastmoney.com', port=443): Max retries exceeded with url: /api/qt/stock/kline/get?fields1=f1%2Cf2%2Cf3%2Cf4%2Cf5%2Cf6&fields2=f51%2Cf52%2Cf53%2Cf54%2Cf55%2Cf56%2Cf57%2Cf58%2Cf59%2Cf60%2Cf61%2Cf116&ut=7eea3",,
daily:603799:hfq,equity_daily,603799,A,hfq,,failed,NOT_RUN,0,,,,listing_date_unavailable,connection_error,"HTTPSConnectionPool(host='push2his.eastmoney.com', port=443): Max retries exceeded with url: /api/qt/stock/kline/get?fields1=f1%2Cf2%2Cf3%2Cf4%2Cf5%2Cf6&fields2=f51%2Cf52%2Cf53%2Cf54%2Cf55%2Cf56%2Cf57%2Cf58%2Cf59%2Cf60%2Cf61%2Cf116&ut=7eea3",,
daily:601012:raw,equity_daily,601012,A,raw,,failed,NOT_RUN,0,,,,listing_date_unavailable,connection_error,"HTTPSConnectionPool(host='push2his.eastmoney.com', port=443): Max retries exceeded with url: /api/qt/stock/kline/get?fields1=f1%2Cf2%2Cf3%2Cf4%2Cf5%2Cf6&fields2=f51%2Cf52%2Cf53%2Cf54%2Cf55%2Cf56%2Cf57%2Cf58%2Cf59%2Cf60%2Cf61%2Cf116&ut=7eea3",,
daily:601012:qfq,equity_daily,601012,A,qfq,,failed,NOT_RUN,0,,,,listing_date_unavailable,connection_error,"HTTPSConnectionPool(host='push2his.eastmoney.com', port=443): Max retries exceeded with url: /api/qt/stock/kline/get?fields1=f1%2Cf2%2Cf3%2Cf4%2Cf5%2Cf6&fields2=f51%2Cf52%2Cf53%2Cf54%2Cf55%2Cf56%2Cf57%2Cf58%2Cf59%2Cf60%2Cf61%2Cf116&ut=7eea3",,
daily:601012:hfq,equity_daily,601012,A,hfq,,failed,NOT_RUN,0,,,,listing_date_unavailable,connection_error,"HTTPSConnectionPool(host='push2his.eastmoney.com', port=443): Max retries exceeded with url: /api/qt/stock/kline/get?fields1=f1%2Cf2%2Cf3%2Cf4%2Cf5%2Cf6&fields2=f51%2Cf52%2Cf53%2Cf54%2Cf55%2Cf56%2Cf57%2Cf58%2Cf59%2Cf60%2Cf61%2Cf116&ut=7eea3",,
daily:600438:raw,equity_daily,600438,A,raw,,success,PASS,5252,2004-03-02,2026-08-24,,listing_date_unavailable,,,data/raw/stage17/equity_daily/run_id=9a0c3c18-5b7d-4d58-a719-172026082424/market=A/symbol=600438/adjust=raw/data.parquet,data/raw/stage17/equity_daily/run_id=9a0c3c18-5b7d-4d58-a719-172026082424/market=A/symbol=600438/adjust=raw/metadata.json
daily:600438:qfq,equity_daily,600438,A,qfq,,success,FAIL,5252,2004-03-02,2026-08-24,,listing_date_unavailable,,negative_market_value,data/raw/stage17/equity_daily/run_id=9a0c3c18-5b7d-4d58-a719-172026082424/market=A/symbol=600438/adjust=qfq/data.parquet,data/raw/stage17/equity_daily/run_id=9a0c3c18-5b7d-4d58-a719-172026082424/market=A/symbol=600438/adjust=qfq/metadata.json
daily:600438:hfq,equity_daily,600438,A,hfq,,success,PASS,5252,2004-03-02,2026-08-24,,listing_date_unavailable,,,data/raw/stage17/equity_daily/run_id=9a0c3c18-5b7d-4d58-a719-172026082424/market=A/symbol=600438/adjust=hfq/data.parquet,data/raw/stage17/equity_daily/run_id=9a0c3c18-5b7d-4d58-a719-172026082424/market=A/symbol=600438/adjust=hfq/metadata.json
daily:002361:raw,equity_daily,002361,A,raw,,success,PASS,3900,2010-03-03,2026-08-24,,listing_date_unavailable,,,data/raw/stage17/equity_daily/run_id=9a0c3c18-5b7d-4d58-a719-172026082424/market=A/symbol=002361/adjust=raw/data.parquet,data/raw/stage17/equity_daily/run_id=9a0c3c18-5b7d-4d58-a719-172026082424/market=A/symbol=002361/adjust=raw/metadata.json
daily:002361:qfq,equity_daily,002361,A,qfq,,failed,NOT_RUN,0,,,,listing_date_unavailable,connection_error,"HTTPSConnectionPool(host='push2his.eastmoney.com', port=443): Max retries exceeded with url: /api/qt/stock/kline/get?fields1=f1%2Cf2%2Cf3%2Cf4%2Cf5%2Cf6&fields2=f51%2Cf52%2Cf53%2Cf54%2Cf55%2Cf56%2Cf57%2Cf58%2Cf59%2Cf60%2Cf61%2Cf116&ut=7eea3",,
daily:002361:hfq,equity_daily,002361,A,hfq,,failed,NOT_RUN,0,,,,listing_date_unavailable,connection_error,"HTTPSConnectionPool(host='push2his.eastmoney.com', port=443): Max retries exceeded with url: /api/qt/stock/kline/get?fields1=f1%2Cf2%2Cf3%2Cf4%2Cf5%2Cf6&fields2=f51%2Cf52%2Cf53%2Cf54%2Cf55%2Cf56%2Cf57%2Cf58%2Cf59%2Cf60%2Cf61%2Cf116&ut=7eea3",,
daily:601500:raw,equity_daily,601500,A,raw,,failed,NOT_RUN,0,,,,listing_date_unavailable,connection_error,"HTTPSConnectionPool(host='push2his.eastmoney.com', port=443): Max retries exceeded with url: /api/qt/stock/kline/get?fields1=f1%2Cf2%2Cf3%2Cf4%2Cf5%2Cf6&fields2=f51%2Cf52%2Cf53%2Cf54%2Cf55%2Cf56%2Cf57%2Cf58%2Cf59%2Cf60%2Cf61%2Cf116&ut=7eea3",,
daily:601500:qfq,equity_daily,601500,A,qfq,,success,PASS,2404,2016-09-19,2026-08-24,,listing_date_unavailable,,,data/raw/stage17/equity_daily/run_id=9a0c3c18-5b7d-4d58-a719-172026082424/market=A/symbol=601500/adjust=qfq/data.parquet,data/raw/stage17/equity_daily/run_id=9a0c3c18-5b7d-4d58-a719-172026082424/market=A/symbol=601500/adjust=qfq/metadata.json
daily:601500:hfq,equity_daily,601500,A,hfq,,success,PASS,2404,2016-09-19,2026-08-24,,listing_date_unavailable,,,data/raw/stage17/equity_daily/run_id=9a0c3c18-5b7d-4d58-a719-172026082424/market=A/symbol=601500/adjust=hfq/data.parquet,data/raw/stage17/equity_daily/run_id=9a0c3c18-5b7d-4d58-a719-172026082424/market=A/symbol=601500/adjust=hfq/metadata.json
daily:600231:raw,equity_daily,600231,A,raw,,success,PASS,6241,2000-05-11,2026-08-24,,listing_date_unavailable,,,data/raw/stage17/equity_daily/run_id=9a0c3c18-5b7d-4d58-a719-172026082424/market=A/symbol=600231/adjust=raw/data.parquet,data/raw/stage17/equity_daily/run_id=9a0c3c18-5b7d-4d58-a719-172026082424/market=A/symbol=600231/adjust=raw/metadata.json
daily:600231:qfq,equity_daily,600231,A,qfq,,success,PASS,6241,2000-05-11,2026-08-24,,listing_date_unavailable,,,data/raw/stage17/equity_daily/run_id=9a0c3c18-5b7d-4d58-a719-172026082424/market=A/symbol=600231/adjust=qfq/data.parquet,data/raw/stage17/equity_daily/run_id=9a0c3c18-5b7d-4d58-a719-172026082424/market=A/symbol=600231/adjust=qfq/metadata.json
daily:600231:hfq,equity_daily,600231,A,hfq,,success,PASS,6241,2000-05-11,2026-08-24,,listing_date_unavailable,,,data/raw/stage17/equity_daily/run_id=9a0c3c18-5b7d-4d58-a719-172026082424/market=A/symbol=600231/adjust=hfq/data.parquet,data/raw/stage17/equity_daily/run_id=9a0c3c18-5b7d-4d58-a719-172026082424/market=A/symbol=600231/adjust=hfq/metadata.json
daily:300274:raw,equity_daily,300274,A,raw,,success,PASS,3570,2011-11-02,2026-08-24,,listing_date_unavailable,,,data/raw/stage17/equity_daily/run_id=9a0c3c18-5b7d-4d58-a719-172026082424/market=A/symbol=300274/adjust=raw/data.parquet,data/raw/stage17/equity_daily/run_id=9a0c3c18-5b7d-4d58-a719-172026082424/market=A/symbol=300274/adjust=raw/metadata.json
daily:300274:qfq,equity_daily,300274,A,qfq,,success,FAIL,3570,2011-11-02,2026-08-24,,listing_date_unavailable,,negative_market_value,data/raw/stage17/equity_daily/run_id=9a0c3c18-5b7d-4d58-a719-172026082424/market=A/symbol=300274/adjust=qfq/data.parquet,data/raw/stage17/equity_daily/run_id=9a0c3c18-5b7d-4d58-a719-172026082424/market=A/symbol=300274/adjust=qfq/metadata.json
daily:300274:hfq,equity_daily,300274,A,hfq,,success,PASS,3570,2011-11-02,2026-08-24,,listing_date_unavailable,,,data/raw/stage17/equity_daily/run_id=9a0c3c18-5b7d-4d58-a719-172026082424/market=A/symbol=300274/adjust=hfq/data.parquet,data/raw/stage17/equity_daily/run_id=9a0c3c18-5b7d-4d58-a719-172026082424/market=A/symbol=300274/adjust=hfq/metadata.json
daily:601636:raw,equity_daily,601636,A,raw,,success,PASS,3637,2011-08-12,2026-08-24,,listing_date_unavailable,,,data/raw/stage17/equity_daily/run_id=9a0c3c18-5b7d-4d58-a719-172026082424/market=A/symbol=601636/adjust=raw/data.parquet,data/raw/stage17/equity_daily/run_id=9a0c3c18-5b7d-4d58-a719-172026082424/market=A/symbol=601636/adjust=raw/metadata.json
daily:601636:qfq,equity_daily,601636,A,qfq,,success,FAIL,3637,2011-08-12,2026-08-24,,listing_date_unavailable,,negative_market_value,data/raw/stage17/equity_daily/run_id=9a0c3c18-5b7d-4d58-a719-172026082424/market=A/symbol=601636/adjust=qfq/data.parquet,data/raw/stage17/equity_daily/run_id=9a0c3c18-5b7d-4d58-a719-172026082424/market=A/symbol=601636/adjust=qfq/metadata.json
daily:601636:hfq,equity_daily,601636,A,hfq,,success,PASS,3637,2011-08-12,2026-08-24,,listing_date_unavailable,,,data/raw/stage17/equity_daily/run_id=9a0c3c18-5b7d-4d58-a719-172026082424/market=A/symbol=601636/adjust=hfq/data.parquet,data/raw/stage17/equity_daily/run_id=9a0c3c18-5b7d-4d58-a719-172026082424/market=A/symbol=601636/adjust=hfq/metadata.json
daily:002129:raw,equity_daily,002129,A,raw,,success,PASS,4155,2007-04-20,2026-08-24,,listing_date_unavailable,,,data/raw/stage17/equity_daily/run_id=9a0c3c18-5b7d-4d58-a719-172026082424/market=A/symbol=002129/adjust=raw/data.parquet,data/raw/stage17/equity_daily/run_id=9a0c3c18-5b7d-4d58-a719-172026082424/market=A/symbol=002129/adjust=raw/metadata.json
daily:002129:qfq,equity_daily,002129,A,qfq,,failed,NOT_RUN,0,,,,listing_date_unavailable,connection_error,"HTTPSConnectionPool(host='push2his.eastmoney.com', port=443): Max retries exceeded with url: /api/qt/stock/kline/get?fields1=f1%2Cf2%2Cf3%2Cf4%2Cf5%2Cf6&fields2=f51%2Cf52%2Cf53%2Cf54%2Cf55%2Cf56%2Cf57%2Cf58%2Cf59%2Cf60%2Cf61%2Cf116&ut=7eea3",,
daily:002129:hfq,equity_daily,002129,A,hfq,,failed,NOT_RUN,0,,,,listing_date_unavailable,connection_error,"HTTPSConnectionPool(host='push2his.eastmoney.com', port=443): Max retries exceeded with url: /api/qt/stock/kline/get?fields1=f1%2Cf2%2Cf3%2Cf4%2Cf5%2Cf6&fields2=f51%2Cf52%2Cf53%2Cf54%2Cf55%2Cf56%2Cf57%2Cf58%2Cf59%2Cf60%2Cf61%2Cf116&ut=7eea3",,
daily:000100:raw,equity_daily,000100,A,raw,,failed,NOT_RUN,0,,,,listing_date_unavailable,connection_error,"HTTPSConnectionPool(host='push2his.eastmoney.com', port=443): Max retries exceeded with url: /api/qt/stock/kline/get?fields1=f1%2Cf2%2Cf3%2Cf4%2Cf5%2Cf6&fields2=f51%2Cf52%2Cf53%2Cf54%2Cf55%2Cf56%2Cf57%2Cf58%2Cf59%2Cf60%2Cf61%2Cf116&ut=7eea3",,
daily:000100:qfq,equity_daily,000100,A,qfq,,failed,NOT_RUN,0,,,,listing_date_unavailable,connection_error,"HTTPSConnectionPool(host='push2his.eastmoney.com', port=443): Max retries exceeded with url: /api/qt/stock/kline/get?fields1=f1%2Cf2%2Cf3%2Cf4%2Cf5%2Cf6&fields2=f51%2Cf52%2Cf53%2Cf54%2Cf55%2Cf56%2Cf57%2Cf58%2Cf59%2Cf60%2Cf61%2Cf116&ut=7eea3",,
daily:000100:hfq,equity_daily,000100,A,hfq,,failed,NOT_RUN,0,,,,listing_date_unavailable,connection_error,"HTTPSConnectionPool(host='push2his.eastmoney.com', port=443): Max retries exceeded with url: /api/qt/stock/kline/get?fields1=f1%2Cf2%2Cf3%2Cf4%2Cf5%2Cf6&fields2=f51%2Cf52%2Cf53%2Cf54%2Cf55%2Cf56%2Cf57%2Cf58%2Cf59%2Cf60%2Cf61%2Cf116&ut=7eea3",,
daily:300433:raw,equity_daily,300433,A,raw,,failed,NOT_RUN,0,,,,listing_date_unavailable,connection_error,"HTTPSConnectionPool(host='push2his.eastmoney.com', port=443): Max retries exceeded with url: /api/qt/stock/kline/get?fields1=f1%2Cf2%2Cf3%2Cf4%2Cf5%2Cf6&fields2=f51%2Cf52%2Cf53%2Cf54%2Cf55%2Cf56%2Cf57%2Cf58%2Cf59%2Cf60%2Cf61%2Cf116&ut=7eea3",,
daily:300433:qfq,equity_daily,300433,A,qfq,,failed,NOT_RUN,0,,,,listing_date_unavailable,connection_error,"HTTPSConnectionPool(host='push2his.eastmoney.com', port=443): Max retries exceeded with url: /api/qt/stock/kline/get?fields1=f1%2Cf2%2Cf3%2Cf4%2Cf5%2Cf6&fields2=f51%2Cf52%2Cf53%2Cf54%2Cf55%2Cf56%2Cf57%2Cf58%2Cf59%2Cf60%2Cf61%2Cf116&ut=7eea3",,
daily:300433:hfq,equity_daily,300433,A,hfq,,failed,NOT_RUN,0,,,,listing_date_unavailable,connection_error,"HTTPSConnectionPool(host='push2his.eastmoney.com', port=443): Max retries exceeded with url: /api/qt/stock/kline/get?fields1=f1%2Cf2%2Cf3%2Cf4%2Cf5%2Cf6&fields2=f51%2Cf52%2Cf53%2Cf54%2Cf55%2Cf56%2Cf57%2Cf58%2Cf59%2Cf60%2Cf61%2Cf116&ut=7eea3",,
daily:02180.HK:raw,equity_daily,02180.HK,HK,raw,,failed,NOT_RUN,0,,,,listing_date_unavailable,connection_error,"HTTPSConnectionPool(host='33.push2his.eastmoney.com', port=443): Max retries exceeded with url: /api/qt/stock/kline/get?secid=116.02180&fields1=f1%2Cf2%2Cf3%2Cf4%2Cf5%2Cf6&fields2=f51%2Cf52%2Cf53%2Cf54%2Cf55%2Cf56%2Cf57%2Cf58%2Cf59%2Cf60%2C",,
daily:02180.HK:qfq,equity_daily,02180.HK,HK,qfq,,failed,NOT_RUN,0,,,,listing_date_unavailable,connection_error,"HTTPSConnectionPool(host='33.push2his.eastmoney.com', port=443): Max retries exceeded with url: /api/qt/stock/kline/get?secid=116.02180&fields1=f1%2Cf2%2Cf3%2Cf4%2Cf5%2Cf6&fields2=f51%2Cf52%2Cf53%2Cf54%2Cf55%2Cf56%2Cf57%2Cf58%2Cf59%2Cf60%2C",,
daily:02180.HK:hfq,equity_daily,02180.HK,HK,hfq,,success,FAIL,1314,2019-07-10,2026-08-24,,listing_date_unavailable,,ohlc_logic_error,data/raw/stage17/equity_daily/run_id=9a0c3c18-5b7d-4d58-a719-172026082424/market=HK/symbol=02180.HK/adjust=hfq/data.parquet,data/raw/stage17/equity_daily/run_id=9a0c3c18-5b7d-4d58-a719-172026082424/market=HK/symbol=02180.HK/adjust=hfq/metadata.json
daily:08365.HK:raw,equity_daily,08365.HK,HK,raw,,failed,NOT_RUN,0,,,,listing_date_unavailable,connection_error,"HTTPSConnectionPool(host='33.push2his.eastmoney.com', port=443): Max retries exceeded with url: /api/qt/stock/kline/get?secid=116.08365&fields1=f1%2Cf2%2Cf3%2Cf4%2Cf5%2Cf6&fields2=f51%2Cf52%2Cf53%2Cf54%2Cf55%2Cf56%2Cf57%2Cf58%2Cf59%2Cf60%2C",,
daily:08365.HK:qfq,equity_daily,08365.HK,HK,qfq,,success,PASS,1780,2017-05-26,2026-08-24,,listing_date_unavailable,,,data/raw/stage17/equity_daily/run_id=9a0c3c18-5b7d-4d58-a719-172026082424/market=HK/symbol=08365.HK/adjust=qfq/data.parquet,data/raw/stage17/equity_daily/run_id=9a0c3c18-5b7d-4d58-a719-172026082424/market=HK/symbol=08365.HK/adjust=qfq/metadata.json
daily:08365.HK:hfq,equity_daily,08365.HK,HK,hfq,,success,PASS,1780,2017-05-26,2026-08-24,,listing_date_unavailable,,,data/raw/stage17/equity_daily/run_id=9a0c3c18-5b7d-4d58-a719-172026082424/market=HK/symbol=08365.HK/adjust=hfq/data.parquet,data/raw/stage17/equity_daily/run_id=9a0c3c18-5b7d-4d58-a719-172026082424/market=HK/symbol=08365.HK/adjust=hfq/metadata.json
daily:08462.HK:raw,equity_daily,08462.HK,HK,raw,,success,PASS,1800,2017-07-17,2026-08-24,,listing_date_unavailable,,,data/raw/stage17/equity_daily/run_id=9a0c3c18-5b7d-4d58-a719-172026082424/market=HK/symbol=08462.HK/adjust=raw/data.parquet,data/raw/stage17/equity_daily/run_id=9a0c3c18-5b7d-4d58-a719-172026082424/market=HK/symbol=08462.HK/adjust=raw/metadata.json
daily:08462.HK:qfq,equity_daily,08462.HK,HK,qfq,,success,PASS,1800,2017-07-17,2026-08-24,,listing_date_unavailable,,,data/raw/stage17/equity_daily/run_id=9a0c3c18-5b7d-4d58-a719-172026082424/market=HK/symbol=08462.HK/adjust=qfq/data.parquet,data/raw/stage17/equity_daily/run_id=9a0c3c18-5b7d-4d58-a719-172026082424/market=HK/symbol=08462.HK/adjust=qfq/metadata.json
daily:08462.HK:hfq,equity_daily,08462.HK,HK,hfq,,success,PASS,1800,2017-07-17,2026-08-24,,listing_date_unavailable,,,data/raw/stage17/equity_daily/run_id=9a0c3c18-5b7d-4d58-a719-172026082424/market=HK/symbol=08462.HK/adjust=hfq/data.parquet,data/raw/stage17/equity_daily/run_id=9a0c3c18-5b7d-4d58-a719-172026082424/market=HK/symbol=08462.HK/adjust=hfq/metadata.json
daily:02076.HK:raw,equity_daily,02076.HK,HK,raw,,success,FAIL,708,2022-12-22,2026-08-24,,listing_date_unavailable,,ohlc_logic_error,data/raw/stage17/equity_daily/run_id=9a0c3c18-5b7d-4d58-a719-172026082424/market=HK/symbol=02076.HK/adjust=raw/data.parquet,data/raw/stage17/equity_daily/run_id=9a0c3c18-5b7d-4d58-a719-172026082424/market=HK/symbol=02076.HK/adjust=raw/metadata.json
daily:02076.HK:qfq,equity_daily,02076.HK,HK,qfq,,success,FAIL,708,2022-12-22,2026-08-24,,listing_date_unavailable,,ohlc_logic_error,data/raw/stage17/equity_daily/run_id=9a0c3c18-5b7d-4d58-a719-172026082424/market=HK/symbol=02076.HK/adjust=qfq/data.parquet,data/raw/stage17/equity_daily/run_id=9a0c3c18-5b7d-4d58-a719-172026082424/market=HK/symbol=02076.HK/adjust=qfq/metadata.json
daily:02076.HK:hfq,equity_daily,02076.HK,HK,hfq,,success,FAIL,708,2022-12-22,2026-08-24,,listing_date_unavailable,,ohlc_logic_error,data/raw/stage17/equity_daily/run_id=9a0c3c18-5b7d-4d58-a719-172026082424/market=HK/symbol=02076.HK/adjust=hfq/data.parquet,data/raw/stage17/equity_daily/run_id=9a0c3c18-5b7d-4d58-a719-172026082424/market=HK/symbol=02076.HK/adjust=hfq/metadata.json
daily:06100.HK:raw,equity_daily,06100.HK,HK,raw,,success,FAIL,2004,2018-06-29,2026-08-24,,listing_date_unavailable,,ohlc_logic_error,data/raw/stage17/equity_daily/run_id=9a0c3c18-5b7d-4d58-a719-172026082424/market=HK/symbol=06100.HK/adjust=raw/data.parquet,data/raw/stage17/equity_daily/run_id=9a0c3c18-5b7d-4d58-a719-172026082424/market=HK/symbol=06100.HK/adjust=raw/metadata.json
daily:06100.HK:qfq,equity_daily,06100.HK,HK,qfq,,failed,NOT_RUN,0,,,,listing_date_unavailable,connection_error,"HTTPSConnectionPool(host='33.push2his.eastmoney.com', port=443): Max retries exceeded with url: /api/qt/stock/kline/get?secid=116.06100&fields1=f1%2Cf2%2Cf3%2Cf4%2Cf5%2Cf6&fields2=f51%2Cf52%2Cf53%2Cf54%2Cf55%2Cf56%2Cf57%2Cf58%2Cf59%2Cf60%2C",,
daily:06100.HK:hfq,equity_daily,06100.HK,HK,hfq,,failed,NOT_RUN,0,,,,listing_date_unavailable,connection_error,"HTTPSConnectionPool(host='33.push2his.eastmoney.com', port=443): Max retries exceeded with url: /api/qt/stock/kline/get?secid=116.06100&fields1=f1%2Cf2%2Cf3%2Cf4%2Cf5%2Cf6&fields2=f51%2Cf52%2Cf53%2Cf54%2Cf55%2Cf56%2Cf57%2Cf58%2Cf59%2Cf60%2C",,
daily:06919.HK:raw,equity_daily,06919.HK,HK,raw,,failed,NOT_RUN,0,,,,listing_date_unavailable,connection_error,"HTTPSConnectionPool(host='33.push2his.eastmoney.com', port=443): Max retries exceeded with url: /api/qt/stock/kline/get?secid=116.06919&fields1=f1%2Cf2%2Cf3%2Cf4%2Cf5%2Cf6&fields2=f51%2Cf52%2Cf53%2Cf54%2Cf55%2Cf56%2Cf57%2Cf58%2Cf59%2Cf60%2C",,
daily:06919.HK:qfq,equity_daily,06919.HK,HK,qfq,,failed,NOT_RUN,0,,,,listing_date_unavailable,connection_error,"HTTPSConnectionPool(host='33.push2his.eastmoney.com', port=443): Max retries exceeded with url: /api/qt/stock/kline/get?secid=116.06919&fields1=f1%2Cf2%2Cf3%2Cf4%2Cf5%2Cf6&fields2=f51%2Cf52%2Cf53%2Cf54%2Cf55%2Cf56%2Cf57%2Cf58%2Cf59%2Cf60%2C",,
daily:06919.HK:hfq,equity_daily,06919.HK,HK,hfq,,failed,NOT_RUN,0,,,,listing_date_unavailable,connection_error,"HTTPSConnectionPool(host='33.push2his.eastmoney.com', port=443): Max retries exceeded with url: /api/qt/stock/kline/get?secid=116.06919&fields1=f1%2Cf2%2Cf3%2Cf4%2Cf5%2Cf6&fields2=f51%2Cf52%2Cf53%2Cf54%2Cf55%2Cf56%2Cf57%2Cf58%2Cf59%2Cf60%2C",,
daily:09669.HK:raw,equity_daily,09669.HK,HK,raw,,failed,NOT_RUN,0,,,,listing_date_unavailable,connection_error,"HTTPSConnectionPool(host='33.push2his.eastmoney.com', port=443): Max retries exceeded with url: /api/qt/stock/kline/get?secid=116.09669&fields1=f1%2Cf2%2Cf3%2Cf4%2Cf5%2Cf6&fields2=f51%2Cf52%2Cf53%2Cf54%2Cf55%2Cf56%2Cf57%2Cf58%2Cf59%2Cf60%2C",,
daily:09669.HK:qfq,equity_daily,09669.HK,HK,qfq,,failed,NOT_RUN,0,,,,listing_date_unavailable,connection_error,"HTTPSConnectionPool(host='33.push2his.eastmoney.com', port=443): Max retries exceeded with url: /api/qt/stock/kline/get?secid=116.09669&fields1=f1%2Cf2%2Cf3%2Cf4%2Cf5%2Cf6&fields2=f51%2Cf52%2Cf53%2Cf54%2Cf55%2Cf56%2Cf57%2Cf58%2Cf59%2Cf60%2C",,
daily:09669.HK:hfq,equity_daily,09669.HK,HK,hfq,,failed,NOT_RUN,0,,,,listing_date_unavailable,connection_error,"HTTPSConnectionPool(host='33.push2his.eastmoney.com', port=443): Max retries exceeded with url: /api/qt/stock/kline/get?secid=116.09669&fields1=f1%2Cf2%2Cf3%2Cf4%2Cf5%2Cf6&fields2=f51%2Cf52%2Cf53%2Cf54%2Cf55%2Cf56%2Cf57%2Cf58%2Cf59%2Cf60%2C",,
minute:002067:1m,equity_minute,002067,A,,1m,failed,NOT_RUN,0,,,,,connection_error,"HTTPSConnectionPool(host='push2his.eastmoney.com', port=443): Max retries exceeded with url: /api/qt/stock/trends2/get?fields1=f1%2Cf2%2Cf3%2Cf4%2Cf5%2Cf6%2Cf7%2Cf8%2Cf9%2Cf10%2Cf11%2Cf12%2Cf13&fields2=f51%2Cf52%2Cf53%2Cf54%2Cf55%2Cf56%2Cf5",,
minute:002067:5m,equity_minute,002067,A,,5m,failed,NOT_RUN,0,,,,,connection_error,"HTTPSConnectionPool(host='push2his.eastmoney.com', port=443): Max retries exceeded with url: /api/qt/stock/kline/get?fields1=f1%2Cf2%2Cf3%2Cf4%2Cf5%2Cf6&fields2=f51%2Cf52%2Cf53%2Cf54%2Cf55%2Cf56%2Cf57%2Cf58%2Cf59%2Cf60%2Cf61&ut=7eea3edcaed7",,
minute:300274:1m,equity_minute,300274,A,,1m,success,PASS,1114,2026-08-18T09:30:00,2026-08-24T13:29:00,,,,,data/raw/stage17/equity_minute_feasibility/run_id=9a0c3c18-5b7d-4d58-a719-172026082424/market=A/symbol=300274/interval=1m/data.parquet,data/raw/stage17/equity_minute_feasibility/run_id=9a0c3c18-5b7d-4d58-a719-172026082424/market=A/symbol=300274/interval=1m/metadata.json
minute-derived:300274:3m,equity_minute_derived_report,300274,A,,3m,report_only_derived,PASS,379,2026-08-18T09:30:00,2026-08-24T13:29:00,,derived_from_1m_not_raw,,由1分钟样本按3分钟分桶演示聚合；未写入Raw，不代表上游直接支持,,
minute:300274:5m,equity_minute,300274,A,,5m,failed,NOT_RUN,0,,,,,connection_error,"HTTPSConnectionPool(host='push2his.eastmoney.com', port=443): Max retries exceeded with url: /api/qt/stock/kline/get?fields1=f1%2Cf2%2Cf3%2Cf4%2Cf5%2Cf6&fields2=f51%2Cf52%2Cf53%2Cf54%2Cf55%2Cf56%2Cf57%2Cf58%2Cf59%2Cf60%2Cf61&ut=7eea3edcaed7",,
minute:600763:1m,equity_minute,600763,A,,1m,success,PASS,1114,2026-08-18T09:30:00,2026-08-24T13:29:00,,,,,data/raw/stage17/equity_minute_feasibility/run_id=9a0c3c18-5b7d-4d58-a719-172026082424/market=A/symbol=600763/interval=1m/data.parquet,data/raw/stage17/equity_minute_feasibility/run_id=9a0c3c18-5b7d-4d58-a719-172026082424/market=A/symbol=600763/interval=1m/metadata.json
minute-derived:600763:3m,equity_minute_derived_report,600763,A,,3m,report_only_derived,PASS,379,2026-08-18T09:30:00,2026-08-24T13:29:00,,derived_from_1m_not_raw,,由1分钟样本按3分钟分桶演示聚合；未写入Raw，不代表上游直接支持,,
minute:600763:5m,equity_minute,600763,A,,5m,success,PASS,270,2026-08-17T09:35:00,2026-08-24T13:30:00,,,,,data/raw/stage17/equity_minute_feasibility/run_id=9a0c3c18-5b7d-4d58-a719-172026082424/market=A/symbol=600763/interval=5m/data.parquet,data/raw/stage17/equity_minute_feasibility/run_id=9a0c3c18-5b7d-4d58-a719-172026082424/market=A/symbol=600763/interval=5m/metadata.json
minute:02180.HK:1m,equity_minute,02180.HK,HK,,1m,success,PASS,1502,2026-08-18T09:30:00,2026-08-24T13:27:00,,,,,data/raw/stage17/equity_minute_feasibility/run_id=9a0c3c18-5b7d-4d58-a719-172026082424/market=HK/symbol=02180.HK/interval=1m/data.parquet,data/raw/stage17/equity_minute_feasibility/run_id=9a0c3c18-5b7d-4d58-a719-172026082424/market=HK/symbol=02180.HK/interval=1m/metadata.json
minute-derived:02180.HK:3m,equity_minute_derived_report,02180.HK,HK,,3m,report_only_derived,PASS,509,2026-08-18T09:30:00,2026-08-24T13:27:00,,derived_from_1m_not_raw,,由1分钟样本按3分钟分桶演示聚合；未写入Raw，不代表上游直接支持,,
minute:02180.HK:5m,equity_minute,02180.HK,HK,,5m,success,PASS,366,2026-08-17T09:35:00,2026-08-24T13:30:00,,,,,data/raw/stage17/equity_minute_feasibility/run_id=9a0c3c18-5b7d-4d58-a719-172026082424/market=HK/symbol=02180.HK/interval=5m/data.parquet,data/raw/stage17/equity_minute_feasibility/run_id=9a0c3c18-5b7d-4d58-a719-172026082424/market=HK/symbol=02180.HK/interval=5m/metadata.json
minute:08365.HK:1m,equity_minute,08365.HK,HK,,1m,success,PASS,1502,2026-08-18T09:30:00,2026-08-24T13:27:00,,,,,data/raw/stage17/equity_minute_feasibility/run_id=9a0c3c18-5b7d-4d58-a719-172026082424/market=HK/symbol=08365.HK/interval=1m/data.parquet,data/raw/stage17/equity_minute_feasibility/run_id=9a0c3c18-5b7d-4d58-a719-172026082424/market=HK/symbol=08365.HK/interval=1m/metadata.json
minute-derived:08365.HK:3m,equity_minute_derived_report,08365.HK,HK,,3m,report_only_derived,PASS,509,2026-08-18T09:30:00,2026-08-24T13:27:00,,derived_from_1m_not_raw,,由1分钟样本按3分钟分桶演示聚合；未写入Raw，不代表上游直接支持,,
minute:08365.HK:5m,equity_minute,08365.HK,HK,,5m,success,PASS,366,2026-08-17T09:35:00,2026-08-24T13:30:00,,,,,data/raw/stage17/equity_minute_feasibility/run_id=9a0c3c18-5b7d-4d58-a719-172026082424/market=HK/symbol=08365.HK/interval=5m/data.parquet,data/raw/stage17/equity_minute_feasibility/run_id=9a0c3c18-5b7d-4d58-a719-172026082424/market=HK/symbol=08365.HK/interval=5m/metadata.json
crypto:ETHUSDT:1m,crypto,ETHUSDT,crypto,,1m,success,PASS,128488,2026-05-27T00:00:00+00:00,2026-08-24T05:27:00+00:00,,,,,data/raw/stage17/crypto_ohlcv/run_id=9a0c3c18-5b7d-4d58-a719-172026082424/market=crypto/symbol=ETHUSDT/interval=1m/data.parquet,data/raw/stage17/crypto_ohlcv/run_id=9a0c3c18-5b7d-4d58-a719-172026082424/market=crypto/symbol=ETHUSDT/interval=1m/metadata.json
crypto:ETHUSDT:3m,crypto,ETHUSDT,crypto,,3m,success,PASS,42832,2026-05-27T00:00:00+00:00,2026-08-24T05:33:00+00:00,,,,,data/raw/stage17/crypto_ohlcv/run_id=9a0c3c18-5b7d-4d58-a719-172026082424/market=crypto/symbol=ETHUSDT/interval=3m/data.parquet,data/raw/stage17/crypto_ohlcv/run_id=9a0c3c18-5b7d-4d58-a719-172026082424/market=crypto/symbol=ETHUSDT/interval=3m/metadata.json
crypto:ETHUSDT:5m,crypto,ETHUSDT,crypto,,5m,success,PASS,25700,2026-05-27T00:00:00+00:00,2026-08-24T05:35:00+00:00,,,,,data/raw/stage17/crypto_ohlcv/run_id=9a0c3c18-5b7d-4d58-a719-172026082424/market=crypto/symbol=ETHUSDT/interval=5m/data.parquet,data/raw/stage17/crypto_ohlcv/run_id=9a0c3c18-5b7d-4d58-a719-172026082424/market=crypto/symbol=ETHUSDT/interval=5m/metadata.json
crypto:ETHUSDT:15m,crypto,ETHUSDT,crypto,,15m,success,PASS,8566,2026-05-27T00:00:00+00:00,2026-08-24T05:15:00+00:00,,,,,data/raw/stage17/crypto_ohlcv/run_id=9a0c3c18-5b7d-4d58-a719-172026082424/market=crypto/symbol=ETHUSDT/interval=15m/data.parquet,data/raw/stage17/crypto_ohlcv/run_id=9a0c3c18-5b7d-4d58-a719-172026082424/market=crypto/symbol=ETHUSDT/interval=15m/metadata.json
crypto:ETHUSDT:1h,crypto,ETHUSDT,crypto,,1h,success,PASS,75522,2018-01-11T11:00:00+00:00,2026-08-24T04:00:00+00:00,,,,,data/raw/stage17/crypto_ohlcv/run_id=9a0c3c18-5b7d-4d58-a719-172026082424/market=crypto/symbol=ETHUSDT/interval=1h/data.parquet,data/raw/stage17/crypto_ohlcv/run_id=9a0c3c18-5b7d-4d58-a719-172026082424/market=crypto/symbol=ETHUSDT/interval=1h/metadata.json
crypto:ETHUSDT:1d,crypto,ETHUSDT,crypto,,1d,success,PASS,3147,2018-01-11T00:00:00+00:00,2026-08-23T00:00:00+00:00,,,,,data/raw/stage17/crypto_ohlcv/run_id=9a0c3c18-5b7d-4d58-a719-172026082424/market=crypto/symbol=ETHUSDT/interval=1d/data.parquet,data/raw/stage17/crypto_ohlcv/run_id=9a0c3c18-5b7d-4d58-a719-172026082424/market=crypto/symbol=ETHUSDT/interval=1d/metadata.json
